연번,관리번호,도로명주소,상세위치,위도,경도,관리기관,관리부서,데이터기준일
1,광진-1,서울특별시 광진구 광나루로 619,올림픽대교 북단사거리,37.54107,127.0962,서울특별시 광진구청,도로과,2026-08-20
2,광진-2,서울특별시 광진구 광나루로 595,워커힐길 입구,37.54266,127.0944,서울특별시 광진구청,도로과,2026-08-20
3,광진-3,서울특별시 광진구 광나루로 553,구의 래미안 공인중개사,37.54482,127.0903,서울특별시 광진구청,도로과,2026-08-20
4,광진-4,서울특별시 광진구 자양로 197,구의 사거리,37.5452,127.0851,서울특별시 광진구청,도로과,2026-08-20
5,광진-5,서울특별시 광진구 자양로 117,보건소 후문,37.53883,127.0821,서울특별시 광진구청,도로과,2026-08-20
6,광진-6,서울특별시 광진구 자양로 117,광진구청 후문,37.53908,127.0828,서울특별시 광진구청,도로과,2026-08-20
7,광진-7,서울특별시 광진구 자양로 117,광진구청 상황실 앞,37.53816,127.0828,서울특별시 광진구청,도로과,2026-08-20
8,광진-8,서울특별시 광진구 자양로 ,잠실대교 입구,37.53074,127.0868,서울특별시 광진구청,도로과,2026-08-20
9,광진-9,서울특별시 광진구 자양로 48,뚝섬길 입구,37.53238,127.0855,서울특별시 광진구청,도로과,2026-08-20
10,광진-10,서울특별시 광진구 아차산로58길 77,한양빌라 (구3),37.53424,127.09,서울특별시 광진구청,도로과,2026-08-20
11,광진-11,서울특별시 광진구 구의강변로 69,구남초교,37.53718,127.0928,서울특별시 광진구청,도로과,2026-08-20
12,광진-12,서울특별시 광진구 아차산로 419,플랜에이치헤어 앞,37.53803,127.0892,서울특별시 광진구청,도로과,2026-08-20
13,광진-13,서울특별시 광진구 자양로 95,자양사거리 (교통섬),37.53658,127.0834,서울특별시 광진구청,도로과,2026-08-20
14,광진-14,서울특별시 광진구 뚝섬로 587,자양3제일은행 앞,37.5333,127.0755,서울특별시 광진구청,도로과,2026-08-20
15,광진-15,서울특별시 광진구 능동로 50,신양초사거리(농협),37.53532,127.0688,서울특별시 광진구청,도로과,2026-08-20
16,광진-16,서울특별시 광진구 동일로 50,영동대교 북단사거리,37.53727,127.0614,서울특별시 광진구청,도로과,2026-08-20
17,광진-17,서울특별시 광진구 능동로 110,건대역 사거리,37.54031,127.0708,서울특별시 광진구청,도로과,2026-08-20
18,광진-18,서울특별시 광진구 능동로 160,음악공간(구 민중병원),37.54498,127.0731,서울특별시 광진구청,도로과,2026-08-20
19,광진-19,서울특별시 광진구 광나루로 441,어린이대공원역사거리,37.54743,127.0744,서울특별시 광진구청,도로과,2026-08-20
20,광진-20,서울특별시 광진구 능동로 268,미니스톱편의점,37.55392,127.0777,서울특별시 광진구청,도로과,2026-08-20
21,광진-21,서울특별시 광진구 동일로 180,화양사거리(하나은행),37.54819,127.0675,서울특별시 광진구청,도로과,2026-08-20
22,광진-22,서울특별시 광진구 광나루로 341,화양사거리,37.54842,127.0677,서울특별시 광진구청,도로과,2026-08-20
23,광진-23,서울특별시 광진구 동일로 224,서울숲아이파크 버스정류장,37.55173,127.0695,서울특별시 광진구청,도로과,2026-08-20
24,광진-24,서울특별시 광진구 동일로 256,선양유치원 ,37.55433,127.071,서울특별시 광진구청,도로과,2026-08-20
25,광진-25,서울특별시 광진구 동일로 462,장평교사거리(KT),37.5715,127.0801,서울특별시 광진구청,도로과,2026-08-20
26,광진-26,서울특별시 광진구 답십리로 404,중곡3동541-2(언덕중간),37.5709,127.0853,서울특별시 광진구청,도로과,2026-08-20
27,광진-27,서울특별시 광진구 용마산로 191,중곡동607-3(사거리),37.57072,127.086,서울특별시 광진구청,도로과,2026-08-20
28,광진-28,서울특별시 광진구 능동로 342-1,중곡2동사무소,37.55999,127.0812,서울특별시 광진구청,도로과,2026-08-20
29,광진-29,서울특별시 광진구 능동로 372,용마사거리,37.56236,127.0824,서울특별시 광진구청,도로과,2026-08-20
30,광진-30,서울특별시 광진구 용마산로 174,S.K.APT 정자 앞,37.56901,127.0861,서울특별시 광진구청,도로과,2026-08-20
31,광진-31,서울특별시 광진구 용마산로22길 26,대원고등학교,37.56376,127.0884,서울특별시 광진구청,도로과,2026-08-20
32,광진-32,서울특별시 광진구 긴고랑로 63,중곡사거리(국민은행)교통섬,37.55954,127.0874,서울특별시 광진구청,도로과,2026-08-20
33,광진-33,서울특별시 광진구 긴고랑로 211,긴고랑 마을버스종점,37.56191,127.0961,서울특별시 광진구청,도로과,2026-08-20
34,광진-34,서울특별시 광진구 긴고랑로 173,중곡4동72-10 앞,37.55924,127.0941,서울특별시 광진구청,도로과,2026-08-20
35,광진-35,서울특별시 광진구 광나루로 536,주사랑교회 버스정류장,37.54476,127.0888,서울특별시 광진구청,도로과,2026-08-20
36,광진-36,서울특별시 광진구 아차산로 532,상록타워(명약국),37.54259,127.1006,서울특별시 광진구청,도로과,2026-08-20
37,광진-37,서울특별시 광진구 아차산로78길 10,광장동 푸르지오APT버스정류장,37.5495,127.1082,서울특별시 광진구청,도로과,2026-08-20
38,광진-38,서울특별시 광진구 아차산로78길 10,광장동 푸르지오APT 삼거리,37.55022,127.1087,서울특별시 광진구청,도로과,2026-08-20
39,광진-39,서울특별시 광진구 아차산로78길 90,광진 정보도서관,37.55094,127.1103,서울특별시 광진구청,도로과,2026-08-20
40,광진-40,서울특별시 광진구 아차산로78길 110,광장동 마을버스종점,37.54997,127.1104,서울특별시 광진구청,도로과,2026-08-20
41,광진-41,서울특별시 광진구 아차산로 710,서울거리예술창작센터,37.55568,127.1122,서울특별시 광진구청,도로과,2026-08-20
42,광진-42,서울특별시 광진구 워커힐로 177,워커힐수영장아래(옹벽),37.55653,127.1118,서울특별시 광진구청,도로과,2026-08-20
43,광진-43,서울특별시 광진구 천호대로 813,천호대교 북단사거리,37.54524,127.1041,서울특별시 광진구청,도로과,2026-08-20
44,광진-44,서울특별시 광진구 천호대로 788,광장지하보차도 계단 ,37.54592,127.1019,서울특별시 광진구청,도로과,2026-08-20
45,광진-45,서울특별시 광진구 천호대로 ,숲나루공원 진입로,37.54602,127.1016,서울특별시 광진구청,도로과,2026-08-20
46,광진-46,서울특별시 광진구 천호대로 ,숲나루공원 교차로,37.54615,127.1012,서울특별시 광진구청,도로과,2026-08-20
47,광진-47,서울특별시 광진구 천호대로 ,숲나루공원 횡단보도,37.54763,127.0972,서울특별시 광진구청,도로과,2026-08-20
48,광진-48,서울특별시 광진구 천호대로 ,숲나루공원 횡단보도,37.5481,127.0957,서울특별시 광진구청,도로과,2026-08-20
49,광진-49,서울특별시 광진구 천호대로 ,숲나루공원 진출로(아차산역방향),37.54847,127.0945,서울특별시 광진구청,도로과,2026-08-20
50,광진-50,서울특별시 광진구 천호대로 ,숲나루공원 진출로(아차산역방향),37.54873,127.0937,서울특별시 광진구청,도로과,2026-08-20
51,광진-51,서울특별시 광진구 천호대로137길 10,우영미의류 횡단보도 ,37.54908,127.0929,서울특별시 광진구청,도로과,2026-08-20
52,광진-52,서울특별시 광진구 천호대로 655,던킨도너츠,37.5536,127.0887,서울특별시 광진구청,도로과,2026-08-20
53,광진-53,서울특별시 광진구 천호대로 643,(구)르블랑웨딩홀,37.55252,127.0896,서울특별시 광진구청,도로과,2026-08-20
54,광진-54,서울특별시 광진구 천호대로 553,군자역 사거리,37.55737,127.0797,서울특별시 광진구청,도로과,2026-08-20
55,광진-55,서울특별시 광진구 천호대로 499,군자교 사거리(중곡1동),37.55944,127.0741,서울특별시 광진구청,도로과,2026-08-20
56,광진-56,서울특별시 광진구 천호대로 ,군자 지하보도 입구,37.55947,127.074,서울특별시 광진구청,도로과,2026-08-20
57,광진-57,서울특별시 광진구 천호대로 ,군자 지하보도 입구,37.55968,127.0736,서울특별시 광진구청,도로과,2026-08-20
58,광진-58,서울특별시 광진구 천호대로 ,군자 지하보도 입구,37.55924,127.0732,서울특별시 광진구청,도로과,2026-08-20
59,광진-59,서울특별시 광진구 천호대로 ,군자 지하보도 입구,37.55904,127.0737,서울특별시 광진구청,도로과,2026-08-20
60,광진-60,서울특별시 광진구 천호대로 500,군자교 사거리(군자동),37.55908,127.0738,서울특별시 광진구청,도로과,2026-08-20
61,광진-61,서울특별시 광진구 천호대로 622,시민교회,37.55413,127.0865,서울특별시 광진구청,도로과,2026-08-20
62,광진-62,서울특별시 광진구 천호대로 704,호텔 야자,37.54902,127.0924,서울특별시 광진구청,도로과,2026-08-20
63,광진-63,서울특별시 광진구 천호대로 ,숲나루공원 진입로,37.54836,127.0942,서울특별시 광진구청,도로과,2026-08-20
64,광진-64,서울특별시 광진구 천호대로 ,숲나루공원 진입로,37.54827,127.0946,서울특별시 광진구청,도로과,2026-08-20
65,광진-65,서울특별시 광진구 천호대로 ,숲나루공원 진출로(광나루역방향),37.54708,127.098,서울특별시 광진구청,도로과,2026-08-20
66,광진-66,서울특별시 광진구 천호대로 ,숲나루공원 진출로(광나루역방향),37.54644,127.0999,서울특별시 광진구청,도로과,2026-08-20
67,광진-67,서울특별시 광진구 천호대로 796,신경활성화연구소,37.54577,127.1017,서울특별시 광진구청,도로과,2026-08-20
68,광진-68,서울특별시 광진구 아차산로 503-21,이화유치원,37.54326,127.0955,서울특별시 광진구청,도로과,2026-08-20
69,광진-69,서울특별시 광진구 아차산로 503-21,청구APT 진입,37.5433,127.0962,서울특별시 광진구청,도로과,2026-08-20
70,광진-70,서울특별시 광진구 워커힐로 32,양진초교 삼거리,37.5439,127.0981,서울특별시 광진구청,도로과,2026-08-20
71,광진-71,서울특별시 광진구 광장로 11,광장변전소 정문,37.54536,127.0989,서울특별시 광진구청,도로과,2026-08-20
72,광진-72,서울특별시 광진구 광장로 1,몽골학교,37.54547,127.0978,서울특별시 광진구청,도로과,2026-08-20
73,광진-73,서울특별시 광진구 광장로 1,숲나루전망대,37.54658,127.098,서울특별시 광진구청,도로과,2026-08-20
74,광진-74,서울특별시 광진구 워커힐로 93,정립회관,37.54952,127.0989,서울특별시 광진구청,도로과,2026-08-20
75,광진-75,서울특별시 광진구 영화사길 25,아차산공원 삼거리,37.55066,127.1009,서울특별시 광진구청,도로과,2026-08-20
76,광진-76,서울특별시 광진구 영화사길 ,아차산어울림 광장,37.55163,127.1002,서울특별시 광진구청,도로과,2026-08-20
77,광진-77,서울특별시 광진구 영화사길 ,아차산공원 입구,37.552,127.0998,서울특별시 광진구청,도로과,2026-08-20
78,광진-78,서울특별시 광진구 영화사길 89,경원유치원,37.5548,127.096,서울특별시 광진구청,도로과,2026-08-20
79,광진-79,서울특별시 광진구 영화사로 75,은혜교회,37.55455,127.0943,서울특별시 광진구청,도로과,2026-08-20
80,광진-80,서울특별시 광진구 천호대로 ,어린이대공원후문 버스정류장(중앙),37.55205,127.0896,서울특별시 광진구청,도로과,2026-08-20
81,광진-81,서울특별시 광진구 천호대로 ,어린이대공원후문 버스정류장(중앙),37.55225,127.0894,서울특별시 광진구청,도로과,2026-08-20
82,광진-82,서울특별시 광진구 천호대로 ,중곡동입구삼거리 버스정류장(중앙),37.55604,127.0824,서울특별시 광진구청,도로과,2026-08-20
83,광진-83,서울특별시 광진구 천호대로 ,중곡동입구삼거리 버스정류장(중앙),37.55604,127.082,서울특별시 광진구청,도로과,2026-08-20
84,광진-84,서울특별시 광진구 천호대로 ,용마초등학교 버스정류장(중앙),37.55435,127.0867,서울특별시 광진구청,도로과,2026-08-20
85,광진-85,서울특별시 광진구 천호대로 ,용마초등학교 버스정류장(중앙),37.55477,127.0854,서울특별시 광진구청,도로과,2026-08-20
86,광진-86,서울특별시 광진구 천호대로 ,군자교입구 버스정류장(중앙),37.55875,127.0754,서울특별시 광진구청,도로과,2026-08-20
87,광진-87,서울특별시 광진구 천호대로 ,군자교입구 버스정류장(중앙),37.55884,127.0748,서울특별시 광진구청,도로과,2026-08-20
88,광진-88,서울특별시 광진구 천호대로 530,군자비채온 오피스텔,37.55786,127.0769,서울특별시 광진구청,도로과,2026-08-20
89,광진-89,서울특별시 광진구 용마산로24길 7,중곡4동 파출소,37.56523,127.087,서울특별시 광진구청,도로과,2026-08-20
90,광진-90,서울특별시 광진구 구의강변로 94,구의현대6단지 정문앞,37.53886,127.094,서울특별시 광진구청,도로과,2026-08-20
91,광진-91,서울특별시 광진구 용마산로 127,국립정신건강센터(오른쪽),37.56547,127.0866,서울특별시 광진구청,도로과,2026-08-20
92,광진-92,서울특별시 광진구 용마산로 127,국립정신건강센터(왼쪽),37.46549,127.0866,서울특별시 광진구청,도로과,2026-08-20
93,광진-93,서울특별시 광진구 아차산로 288,건대동문회관,37.53843,127.0748,서울특별시 광진구청,도로과,2026-08-20
94,광진-94,서울특별시 광진구 용마산로 22길 82,용곡초등학교 정문 앞,37.56606,127.0882,서울특별시 광진구청,도로과,2026-08-20
95,광진-95,서울특별시 광진구  강변역로 40-2,테크노마트 앞 교통섬,37.536,127.0945,서울특별시 광진구청,도로과,2026-08-20
96,광진-96,서울특별시 광진구 구의강변로 106,삼성쉐르빌 앞 교통섬,37.54014,127.0941,서울특별시 광진구청,도로과,2026-08-20
97,광진-97,서울특별시 광진구 능동로 415-1,중곡역1번출구 근처,37.56589,127.0843,서울특별시 광진구청,도로과,2026-08-20
98,광진-98,서울특별시 광진구 뚝섬로 590,신자초교사거리 kt 앞,37.53319,127.0753,서울특별시 광진구청,도로과,2026-08-20
99,광진-99,서울특별시 광진구 광나루로 424,건대후문(나래문화사),37.54614,127.0765,서울특별시 광진구청,도로과,2026-08-20
100,광진-100,서울특별시 광진구 동일로 388-1,누리마루빌라 앞,37.56517,127.077,서울특별시 광진구청,도로과,2026-08-20
101,광진-101,서울특별시 광진구 아차산로 188,우리은행 앞,37.54202,127.064,서울특별시 광진구청,도로과,2026-08-20
102,광진-102,서울특별시 광진구 능동로36길 187,명륜진사갈비 앞 진입로,37.55249,127.0891,서울특별시 광진구청,도로과,2026-08-20
103,광진-103,서울특별시 광진구 영화사로20길,아차산순환도로 내,37.5497,127.098,서울특별시 광진구청,도로과,2026-08-20
104,광진-104,서울특별시 광진구 영화사로20길 25,아차산순환도로 내,37.54996,127.1002,서울특별시 광진구청,도로과,2026-08-20
105,광진-105,서울특별시 광진구 영화사로20길,아차산순환도로 내,37.55101,127.1005,서울특별시 광진구청,도로과,2026-08-20
106,광진-106,서울특별시 광진구 영화사로20길,아차산순환도로 내,37.55027,127.0982,서울특별시 광진구청,도로과,2026-08-20
107,광진-107,서울특별시 광진구 영화사로20길 100,아차산순환도로 내,37.55021,127.0999,서울특별시 광진구청,도로과,2026-08-20
108,광진-108,서울특별시 광진구 영화사로20길,아차산순환도로 내,37.55027,127.0982,서울특별시 광진구청,도로과,2026-08-20
109,광진-109,서울특별시 광진구 천호대로 528,군자장어시대 앞 횡단보도,37.55808,127.0766,서울특별시 광진구청,도로과,2026-08-20
110,광진-110,서울특별시 광진구 용마산로 157,헤덴인력인테리어 앞,37.56795,127.0861,서울특별시 광진구청,도로과,2026-08-20
