연번,관리번호,도로명주소,X좌표(GRS80TM),Y좌표(GRS80TM),관리기관,관리부서,데이터기준일
1,중곡1-1,서울특별시 광진구 긴고랑로12길 49,37.56067,127.0799,서울특별시 광진구청,중곡1동,2026-09-04
2,중곡1-2,서울특별시 광진구 면목로 93,37.56193,127.0788,서울특별시 광진구청,중곡1동,2026-09-04
3,중곡1-3,서울특별시 광진구 긴고랑로 12,37.56373,127.0776,서울특별시 광진구청,중곡1동,2026-09-04
4,중곡1-4,서울특별시 광진구 긴고랑로1길 31,37.56541,127.0779,서울특별시 광진구청,중곡1동,2026-09-04
5,중곡1-5,서울특별시 광진구 천호대로 107길 52,37.55992,127.0794,서울특별시 광진구청,중곡1동,2026-09-04
6,중곡1-6,서울특별시 광진구 긴고랑로 49,37.56272,127.0819,서울특별시 광진구청,중곡1동,2026-09-04
7,중곡1-7,서울특별시 광진구 면목로 70,37.56011,127.0781,서울특별시 광진구청,중곡1동,2026-09-04
8,중곡1-8,서울특별시 광진구 동일로 328,37.56023,127.0744,서울특별시 광진구청,중곡1동,2026-09-04
9,중곡2-1,서울특별시 광진구 긴고랑로29길 47,37.56193,127.0863,서울특별시 광진구청,중곡2동,2026-09-04
10,중곡2-2,서울특별시 광진구 긴고랑로26길 38,37.55884,127.0846,서울특별시 광진구청,중곡2동,2026-09-04
11,중곡2-3,서울특별시 광진구 천호대로117길 72,37.55812,127.0851,서울특별시 광진구청,중곡2동,2026-09-04
12,중곡2-4,서울특별시 광진구 용마산로5길 42,37.55753,127.0855,서울특별시 광진구청,중곡2동,2026-09-04
13,중곡2-5,서울특별시 광진구 용마산로3길 38,37.55609,127.0859,서울특별시 광진구청,중곡2동,2026-09-04
14,중곡2-6,서울특별시 광진구 용마산로1길 65,37.55582,127.0849,서울특별시 광진구청,중곡2동,2026-09-04
15,중곡2-7,서울특별시 광진구 긴고랑로22길 51,37.55878,127.0833,서울특별시 광진구청,중곡2동,2026-09-04
16,중곡2-8,서울특별시 광진구 천호대로109길 71,37.55978,127.0823,서울특별시 광진구청,중곡2동,2026-09-04
17,중곡2-9,서울특별시 광진구 긴고랑로16길 38,37.56036,127.0819,서울특별시 광진구청,중곡2동,2026-09-04
18,중곡3-1,서울특별시 광진구 용마산로 183,37.57002,127.086,서울특별시 광진구청,중곡3동,2026-09-04
19,중곡3-2,서울특별시 광진구 용마산로 171,37.56884,127.0856,서울특별시 광진구청,중곡3동,2026-09-04
20,중곡3-3,서울특별시 광진구 능동로 437,37.56797,127.0853,서울특별시 광진구청,중곡3동,2026-09-04
21,중곡3-4,서울특별시 광진구 능동로53길 19,37.56658,127.0834,서울특별시 광진구청,중곡3동,2026-09-04
22,중곡3-5,서울특별시 광진구 용마산로 111,37.56356,127.0867,서울특별시 광진구청,중곡3동,2026-09-04
23,중곡3-6,서울특별시 광진구 동일로76가길 28,37.56879,127.0799,서울특별시 광진구청,중곡3동,2026-09-04
24,중곡3-7,서울특별시 광진구 답십리로88길 19,37.57018,127.085,서울특별시 광진구청,중곡3동,2026-09-04
25,중곡4-1,서울특별시 광진구 용마산로36길 30,37.57079,127.0879,서울특별시 광진구청,중곡4동,2026-09-04
26,중곡4-2,서울특별시 광진구 용마산로36길 18,37.57072,127.0872,서울특별시 광진구청,중곡4동,2026-09-04
27,중곡4-3,서울특별시 광진구 용마산로36길 56,37.57003,127.0883,서울특별시 광진구청,중곡4동,2026-09-04
28,중곡4-4,서울특별시 광진구 용마산로34길 15,37.57009,127.0871,서울특별시 광진구청,중곡4동,2026-09-04
29,중곡4-5,서울특별시 광진구 용마산로34길 10,37.5702,127.0868,서울특별시 광진구청,중곡4동,2026-09-04
30,중곡4-6,서울특별시 광진구 용마산로36길 66,37.56935,127.0884,서울특별시 광진구청,중곡4동,2026-09-04
31,중곡4-7,서울특별시 광진구 용마산로32길 30,37.56931,127.0879,서울특별시 광진구청,중곡4동,2026-09-04
32,중곡4-8,서울특별시 광진구 용마산로30길 62,37.56823,127.0893,서울특별시 광진구청,중곡4동,2026-09-04
33,중곡4-9,서울특별시 광진구 용마산로32길 12,37.56924,127.0868,서울특별시 광진구청,중곡4동,2026-09-04
34,중곡4-10,서울특별시 광진구 용마산로30길 49,37.56852,127.0887,서울특별시 광진구청,중곡4동,2026-09-04
35,중곡4-11,서울특별시 광진구 용마산로30길 35,37.56868,127.0879,서울특별시 광진구청,중곡4동,2026-09-04
36,중곡4-12,서울특별시 광진구 용마산로 174,37.56856,127.0867,서울특별시 광진구청,중곡4동,2026-09-04
37,중곡4-13,서울특별시 광진구 용마산로28가길 10-16,37.56834,127.0879,서울특별시 광진구청,중곡4동,2026-09-04
38,중곡4-14,서울특별시 광진구 용마산로28가길 6-27,37.56789,127.0878,서울특별시 광진구청,중곡4동,2026-09-04
39,중곡4-15,서울특별시 광진구 용마산로26길 16-3,37.56717,127.0873,서울특별시 광진구청,중곡4동,2026-09-04
40,중곡4-16,서울특별시 광진구 용마산로28길 14-8,37.56749,127.0868,서울특별시 광진구청,중곡4동,2026-09-04
41,중곡4-17,서울특별시 광진구 용마산로28길 33,37.56752,127.0882,서울특별시 광진구청,중곡4동,2026-09-04
42,중곡4-18,서울특별시 광진구 용마산로28나길 6,37.56776,127.0882,서울특별시 광진구청,중곡4동,2026-09-04
43,중곡4-19,서울특별시 광진구 용마산로28다길 7,37.56765,127.0888,서울특별시 광진구청,중곡4동,2026-09-04
44,중곡4-20,서울특별시 광진구 용마산로28다길 4-15,37.56777,127.0895,서울특별시 광진구청,중곡4동,2026-09-04
45,중곡4-21,서울특별시 광진구 용마산로28다길 4-20,37.56764,127.0898,서울특별시 광진구청,중곡4동,2026-09-04
46,중곡4-22,서울특별시 광진구 용마산로28길 69,37.56737,127.0898,서울특별시 광진구청,중곡4동,2026-09-04
47,중곡4-23,서울특별시 광진구 용마산로28길 57,37.56724,127.0893,서울특별시 광진구청,중곡4동,2026-09-04
48,중곡4-24,서울특별시 광진구 용마산로22길 82,37.56613,127.0882,서울특별시 광진구청,중곡4동,2026-09-04
49,중곡4-25,서울특별시 광진구 긴고랑로 149-7,37.55908,127.0916,서울특별시 광진구청,중곡4동,2026-09-04
50,중곡4-26,서울특별시 광진구 긴고랑로 131,37.55894,127.0894,서울특별시 광진구청,중곡4동,2026-09-04
51,중곡4-27,서울특별시 광진구 용마산로28나길 4-5,37.56793,127.088,서울특별시 광진구청,중곡4동,2026-09-04
52,중곡4-28,서울특별시 광진구 용마산로22길 76,37.56567,127.0884,서울특별시 광진구청,중곡4동,2026-09-04
53,중곡4-29,서울특별시 광진구 용마산로28길 53,37.56753,127.0891,서울특별시 광진구청,중곡4동,2026-09-04
54,중곡4-30,서울특별시 광진구 영화사로7길 25,37.55677,127.0921,서울특별시 광진구청,중곡4동,2026-09-04
55,중곡4-31,서울특별시 광진구 용마산로8가길 42,37.5615,127.0885,서울특별시 광진구청,중곡4동,2026-09-04
56,중곡4-32,서울특별시 광진구 용마산로8가길 46,37.56172,127.0884,서울특별시 광진구청,중곡4동,2026-09-04
57,중곡4-33,서울특별시 광진구 긴고랑로47길 4,37.56107,127.0955,서울특별시 광진구청,중곡4동,2026-09-04
58,중곡4-34,서울특별시 광진구 긴고랑로49길 27,37.56101,127.0951,서울특별시 광진구청,중곡4동,2026-09-04
59,중곡4-35,서울특별시 광진구 긴고랑로49길 6,37.56183,127.0956,서울특별시 광진구청,중곡4동,2026-09-04
60,중곡4-36,서울특별시 광진구 긴고랑로185-2,37.56019,127.0948,서울특별시 광진구청,중곡4동,2026-09-04
61,중곡4-37,서울특별시 광진구 긴고랑로39길 72,37.55921,127.0937,서울특별시 광진구청,중곡4동,2026-09-04
62,중곡4-38,서울특별시 광진구 긴고랑로39길 55,37.55942,127.0929,서울특별시 광진구청,중곡4동,2026-09-04
63,중곡4-39,서울특별시 광진구 긴고랑로39길 26,37.55992,127.0915,서울특별시 광진구청,중곡4동,2026-09-04
64,중곡4-40,서울특별시 광진구 용마산로8마길 31,37.56153,127.0907,서울특별시 광진구청,중곡4동,2026-09-04
65,중곡4-41,서울특별시 광진구 용마산로8라길 30,37.56125,127.0905,서울특별시 광진구청,중곡4동,2026-09-04
66,중곡4-42,서울특별시 광진구 용마산로8마길 13,37.56087,127.0908,서울특별시 광진구청,중곡4동,2026-09-04
67,중곡4-43,서울특별시 광진구 용마산로8나길 20,37.56056,127.0896,서울특별시 광진구청,중곡4동,2026-09-04
68,중곡4-44,서울특별시 광진구 용마산로8다길 22,37.56162,127.0896,서울특별시 광진구청,중곡4동,2026-09-04
69,중곡4-45,서울특별시 광진구 용마산로8다길 21,37.56179,127.0892,서울특별시 광진구청,중곡4동,2026-09-04
70,중곡4-46,서울특별시 광진구 용마산로8다길 9,37.56114,127.0891,서울특별시 광진구청,중곡4동,2026-09-04
71,중곡4-47,서울특별시 광진구 용마산로8가길 21,37.56063,127.0887,서울특별시 광진구청,중곡4동,2026-09-04
72,중곡4-48,서울특별시 광진구 용마산로8가길 35,37.56125,127.0885,서울특별시 광진구청,중곡4동,2026-09-04
73,중곡4-49,서울특별시 광진구 용마산로8가길 47-5,37.56167,127.0882,서울특별시 광진구청,중곡4동,2026-09-04
74,중곡4-50,서울특별시 광진구 용마산로16길 17,37.56222,127.0883,서울특별시 광진구청,중곡4동,2026-09-04
75,중곡4-51,서울특별시 광진구 용마산로8가길 39,37.56128,127.0885,서울특별시 광진구청,중곡4동,2026-09-04
76,중곡4-52,서울특별시 광진구 용마산로8가길 27,37.56095,127.0886,서울특별시 광진구청,중곡4동,2026-09-04
77,중곡4-53,서울특별시 광진구 영화사로9가길 15,37.55585,127.0938,서울특별시 광진구청,중곡4동,2026-09-04
78,중곡4-54,서울특별시 광진구 영화사로9가길 24-2,37.55595,127.0943,서울특별시 광진구청,중곡4동,2026-09-04
79,중곡4-55,서울특별시 광진구 영화사로9가길 10,37.55562,127.0935,서울특별시 광진구청,중곡4동,2026-09-04
80,중곡4-56,서울특별시 광진구 영화사로9길 10,37.55545,127.0932,서울특별시 광진구청,중곡4동,2026-09-04
81,중곡4-57,서울특별시 광진구 영화사로9가길 32,37.55636,127.0946,서울특별시 광진구청,중곡4동,2026-09-04
82,중곡4-58,서울특별시 광진구 영화사로9가길 32-18,37.55666,127.0949,서울특별시 광진구청,중곡4동,2026-09-04
83,중곡4-59,서울특별시 광진구 영화사로9가길 43,37.55678,127.0945,서울특별시 광진구청,중곡4동,2026-09-04
84,중곡4-60,서울특별시 광진구 영화사로9나길 5,37.5569,127.0949,서울특별시 광진구청,중곡4동,2026-09-04
85,중곡4-61,서울특별시 광진구 영화사로9나길 29,37.55733,127.0957,서울특별시 광진구청,중곡4동,2026-09-04
86,중곡4-62,서울특별시 광진구 영화사로9가길 63,37.55751,127.0955,서울특별시 광진구청,중곡4동,2026-09-04
87,중곡4-63,서울특별시 광진구 영화사로9길 72,37.55722,127.0943,서울특별시 광진구청,중곡4동,2026-09-04
88,중곡4-64,서울특별시 광진구 영화사로8길 81,37.55818,127.0881,서울특별시 광진구청,중곡4동,2026-09-04
89,중곡4-65,서울특별시 광진구 영화사로9가길 39-15,37.55647,127.0937,서울특별시 광진구청,중곡4동,2026-09-04
90,중곡4-66,서울특별시 광진구 영화사로7길 36-6,37.55674,127.0928,서울특별시 광진구청,중곡4동,2026-09-04
91,중곡4-67,서울특별시 광진구 긴고랑로44길 42,37.55829,127.0944,서울특별시 광진구청,중곡4동,2026-09-04
92,중곡4-68,서울특별시 광진구 영화사로3나길 4,37.55814,127.0947,서울특별시 광진구청,중곡4동,2026-09-04
93,중곡4-69,서울특별시 광진구 긴고랑로46나길 20,37.55917,127.0955,서울특별시 광진구청,중곡4동,2026-09-04
94,중곡4-70,서울특별시 광진구 긴고랑로46길 18,37.56011,127.0959,서울특별시 광진구청,중곡4동,2026-09-04
95,중곡4-71,서울특별시 광진구 긴고랑로46길 4,37.56008,127.0951,서울특별시 광진구청,중곡4동,2026-09-04
96,중곡4-72,서울특별시 광진구 영화사로7길 17,37.55652,127.0918,서울특별시 광진구청,중곡4동,2026-09-04
97,중곡4-73,서울특별시 광진구 천호대로127길 44,37.55433,127.0909,서울특별시 광진구청,중곡4동,2026-09-04
98,중곡4-74,서울특별시 광진구 용마산로8라길 11,37.56114,127.09,서울특별시 광진구청,중곡4동,2026-09-04
99,능동-1,서울특별시 광진구 능동로30길 8,37.55406,127.0785,서울특별시 광진구청,능동,2026-09-04
100,능동-2,서울특별시 광진구 능동로30길 23,37.5536,127.0793,서울특별시 광진구청,능동,2026-09-04
101,능동-3,서울특별시 광진구 능동로24길 62,37.55283,127.0799,서울특별시 광진구청,능동,2026-09-04
102,능동-4,서울특별시 광진구 능동로32길 25,37.55487,127.08,서울특별시 광진구청,능동,2026-09-04
103,능동-5,서울특별시 광진구 능동로32길 82-48,37.55313,127.0819,서울특별시 광진구청,능동,2026-09-04
104,능동-6,서울특별시 광진구 천호대로116길 94,37.55257,127.0814,서울특별시 광진구청,능동,2026-09-04
105,능동-7,서울특별시 광진구 천호대로116길 92-8,37.55405,127.082,서울특별시 광진구청,능동,2026-09-04
106,능동-8,서울특별시 광진구 능동로32길 106-13,37.55271,127.0836,서울특별시 광진구청,능동,2026-09-04
107,능동-9,서울특별시 광진구 천호대로120길 22,37.55309,127.0862,서울특별시 광진구청,능동,2026-09-04
108,능동-10,서울특별시 광진구 천호대로114길 52,37.55348,127.0817,서울특별시 광진구청,능동,2026-09-04
109,구의1-1,서울특별시 광진구 자양로23길 46,37.54233,127.0832,서울특별시 광진구청,구의1동,2026-09-04
110,구의1-2,서울특별시 광진구 자양로23길 65,37.54321,127.0836,서울특별시 광진구청,구의1동,2026-09-04
111,구의1-3,서울특별시 광진구 광나루로36길 56,37.54245,127.0858,서울특별시 광진구청,구의1동,2026-09-04
112,구의1-4,서울특별시 광진구 자양로23길 53,37.54274,127.0833,서울특별시 광진구청,구의1동,2026-09-04
113,구의1-5,서울특별시 광진구 광나루로30가길 1,37.54429,127.0821,서울특별시 광진구청,구의1동,2026-09-04
114,구의1-6,서울특별시 광진구 아차산로 377-2,37.5371,127.0846,서울특별시 광진구청,구의1동,2026-09-04
115,구의1-7,서울특별시 광진구 아차산로 401,37.53758,127.0871,서울특별시 광진구청,구의1동,2026-09-04
116,구의1-8,서울특별시 광진구 자양로22길 51,37.53975,127.0864,서울특별시 광진구청,구의1동,2026-09-04
117,구의2-1,서울특별시 광진구 광나루로37길 24-6,37.54565,127.0884,서울특별시 광진구청,구의2동,2026-09-04
118,구의2-2,서울특별시 광진구 자양로40길 40,37.5473,127.0909,서울특별시 광진구청,구의2동,2026-09-04
119,구의2-3,서울특별시 광진구 천호대로130길 27,37.5505,127.0888,서울특별시 광진구청,구의2동,2026-09-04
120,구의2-4,서울특별시 광진구 천호대로130길 58,37.54927,127.0874,서울특별시 광진구청,구의2동,2026-09-04
121,구의2-5,서울특별시 광진구 자양로39길 21,37.54919,127.0882,서울특별시 광진구청,구의2동,2026-09-04
122,구의2-6,서울특별시 광진구 자양로49길 26,37.5531,127.0916,서울특별시 광진구청,구의2동,2026-09-04
123,구의2-7,서울특별시 광진구 영화사로11길 34,37.55587,127.0949,서울특별시 광진구청,구의2동,2026-09-04
124,구의2-8,서울특별시 광진구 영화사로13길 39,37.55581,127.0952,서울특별시 광진구청,구의2동,2026-09-04
125,구의2-9,서울특별시 광진구 영화사로15길 20,37.55486,127.0957,서울특별시 광진구청,구의2동,2026-09-04
126,구의2-10,서울특별시 광진구 영화사로 87-12,37.55486,127.0957,서울특별시 광진구청,구의2동,2026-09-04
127,구의2-11,서울특별시 광진구 자양로54길 9-14,37.55439,127.0951,서울특별시 광진구청,구의2동,2026-09-04
128,구의2-12,서울특별시 광진구 영화사로16가길 1,37.55437,127.0959,서울특별시 광진구청,구의2동,2026-09-04
129,구의2-13,서울특별시 광진구 영화사로16길 34,37.55404,127.0965,서울특별시 광진구청,구의2동,2026-09-04
130,구의2-14,서울특별시 광진구 영화사로16길 43,37.55383,127.0968,서울특별시 광진구청,구의2동,2026-09-04
131,구의2-15,서울특별시 광진구 영화사로16나길 29,37.55301,127.0957,서울특별시 광진구청,구의2동,2026-09-04
132,구의2-16,서울특별시 광진구 영화사로16가길 20,37.55366,127.0955,서울특별시 광진구청,구의2동,2026-09-04
133,구의2-17,서울특별시 광진구 자양로54길 12,37.55383,127.0945,서울특별시 광진구청,구의2동,2026-09-04
134,구의2-18,서울특별시 광진구 자양로50길 74,37.55283,127.0964,서울특별시 광진구청,구의2동,2026-09-04
135,구의2-19,서울특별시 광진구 자양로48길 69,37.55225,127.0955,서울특별시 광진구청,구의2동,2026-09-04
136,구의2-20,서울특별시 광진구 자양로44길 114-8,37.55064,127.0971,서울특별시 광진구청,구의2동,2026-09-04
137,구의2-21,서울특별시 광진구 자양로44길 69,37.54974,127.095,서울특별시 광진구청,구의2동,2026-09-04
138,구의2-22,서울특별시 광진구 천호대로137길 18,37.54972,127.0931,서울특별시 광진구청,구의2동,2026-09-04
139,구의2-23,서울특별시 광진구 자양로48길 35,37.55144,127.0939,서울특별시 광진구청,구의2동,2026-09-04
140,구의2-24,서울특별시 광진구 자양로50길 22-8,37.55183,127.0936,서울특별시 광진구청,구의2동,2026-09-04
141,구의2-25,서울특별시 광진구 자양로44길 21,37.55061,127.0928,서울특별시 광진구청,구의2동,2026-09-04
142,구의2-26,서울특별시 광진구 자양로45길 5,37.55147,127.0914,서울특별시 광진구청,구의2동,2026-09-04
143,구의3-1,서울특별시 광진구 광나루로52길 12,37.53795,127.0921,서울특별시 광진구청,구의3동,2026-09-04
144,구의3-2,서울특별시 광진구 광나루로46길 9,37.53925,127.0912,서울특별시 광진구청,구의3동,2026-09-04
145,구의3-3,서울특별시 광진구 광나루로44길 32,37.5412,127.0946,서울특별시 광진구청,구의3동,2026-09-04
146,구의3-4,서울특별시 광진구 아차산로63길 28,37.54335,127.0926,서울특별시 광진구청,구의3동,2026-09-04
147,구의3-5,서울특별시 광진구 아차산로59길 49,37.5427,127.0911,서울특별시 광진구청,구의3동,2026-09-04
148,구의3-6,서울특별시 광진구 광나루로52길 94,37.54123,127.0921,서울특별시 광진구청,구의3동,2026-09-04
149,구의3-7,서울특별시 광진구 구의강변로3길 53,37.54074,127.0921,서울특별시 광진구청,구의3동,2026-09-04
150,구의3-8,서울특별시 광진구 강변역로2길 18,37.54055,127.0907,서울특별시 광진구청,구의3동,2026-09-04
151,구의3-9,서울특별시 광진구 아차산로58길 61,37.53918,127.0906,서울특별시 광진구청,구의3동,2026-09-04
152,구의3-10,서울특별시 광진구 아차산로58길 51,37.53643,127.0892,서울특별시 광진구청,구의3동,2026-09-04
153,구의3-11,서울특별시 광진구 광나루로50길 10,37.53724,127.091,서울특별시 광진구청,구의3동,2026-09-04
154,구의3-12,서울특별시 광진구 구의로10길 8,37.53591,127.091,서울특별시 광진구청,구의3동,2026-09-04
155,광장-1,서울특별시 광진구 광장로1가길 31,37.548,127.1007,서울특별시 광진구청,광장동,2026-09-04
156,광장-2,서울특별시 광진구 광장로1나길 15,37.5486,127.1018,서울특별시 광진구청,광장동,2026-09-04
157,광장-3,서울특별시 광진구 광장로1다길 2,37.54849,127.103,서울특별시 광진구청,광장동,2026-09-04
158,광장-4,서울특별시 광진구 광장로1다길 52,37.55067,127.1016,서울특별시 광진구청,광장동,2026-09-04
159,광장-5,서울특별시 광진구 광장로 63,37.5475,127.1041,서울특별시 광진구청,광장동,2026-09-04
160,광장-6,서울특별시 광진구 광장로5길 23,37.54863,127.1049,서울특별시 광진구청,광장동,2026-09-04
161,광장-7,서울특별시 광진구 광장로7길 31,37.54913,127.1054,서울특별시 광진구청,광장동,2026-09-04
162,광장-8,서울특별시 광진구 광장로 83,37.54806,127.1061,서울특별시 광진구청,광장동,2026-09-04
163,광장-9,서울특별시 광진구 아차산로78가길 34,37.54848,127.1087,서울특별시 광진구청,광장동,2026-09-04
164,광장-10,서울특별시 광진구 아차산로78길 12,37.54997,127.1094,서울특별시 광진구청,광장동,2026-09-04
165,광장-11,서울특별시 광진구 아차산로78길 44,37.55052,127.1096,서울특별시 광진구청,광장동,2026-09-04
166,광장-12,서울특별시 광진구 아차산로 591,37.54637,127.1052,서울특별시 광진구청,광장동,2026-09-04
167,광장-13,서울특별시 광진구 광장로9길 10-11,37.54878,127.106,서울특별시 광진구청,광장동,2026-09-04
168,광장-14,서울특별시 광진구 광장로1가길 49,37.54857,127.0996,서울특별시 광진구청,광장동,2026-09-04
169,광장-15,서울특별시 광진구 워커힐로 32,37.54389,127.0983,서울특별시 광진구청,광장동,2026-09-04
170,광장-16,서울특별시 광진구 아차산로66길,37.54155,127.0995,서울특별시 광진구청,광장동,2026-09-04
171,광장-17,서울특별시 광진구 아차산로70길 26,37.54208,127.101,서울특별시 광진구청,광장동,2026-09-04
172,광장-18,서울특별시 광진구 아차산로70길,37.54095,127.1031,서울특별시 광진구청,광장동,2026-09-04
173,자양1-1,서울특별시 광진구 뚝섬로59길 3,37.53215,127.0841,서울특별시 광진구청,자양1동,2026-09-04
174,자양1-2,서울특별시 광진구 뚝섬로43길 17,37.53362,127.077,서울특별시 광진구청,자양1동,2026-09-04
175,자양1-3,서울특별시 광진구 자양번영로 54,37.53435,127.0761,서울특별시 광진구청,자양1동,2026-09-04
176,자양1-4,서울특별시 광진구 자양로21길 8,37.53963,127.0825,서울특별시 광진구청,자양1동,2026-09-04
177,자양1-5,서울특별시 광진구 뚝섬로59길 69,37.53504,127.083,서울특별시 광진구청,자양1동,2026-09-04
178,자양2-1,서울특별시 광진구 자양로3가길 26,37.52892,127.0847,서울특별시 광진구청,자양2동,2026-09-04
179,자양2-2,서울특별시 광진구 뚝섬로64길 45,37.53242,127.0901,서울특별시 광진구청,자양2동,2026-09-04
180,자양2-3,서울특별시 광진구 뚝섬로62길 24,37.53224,127.0879,서울특별시 광진구청,자양2동,2026-09-04
181,자양2-4,서울특별시 광진구 뚝섬로46길 64,37.53024,127.0762,서울특별시 광진구청,자양2동,2026-09-04
182,자양2-5,서울특별시 광진구 뚝섬로56길 28,37.53022,127.0825,서울특별시 광진구청,자양2동,2026-09-04
183,자양2-6,서울특별시 광진구 뚝섬로56길 72,37.52774,127.0828,서울특별시 광진구청,자양2동,2026-09-04
184,자양2-7,서울특별시 광진구 자양로4길 63,37.53235,127.0889,서울특별시 광진구청,자양2동,2026-09-04
185,자양2-8,서울특별시 광진구 뚝섬로702-12,37.53261,127.0875,서울특별시 광진구청,자양2동,2026-09-04
186,자양2-9,서울특별시 광진구 뚝섬로62길 60,37.53073,127.0884,서울특별시 광진구청,자양2동,2026-09-04
187,자양2-10,서울특별시 광진구 뚝섬로64길 76,37.53019,127.0891,서울특별시 광진구청,자양2동,2026-09-04
188,자양2-11,서울특별시 광진구 뚝섬로58길 81,37.52894,127.0839,서울특별시 광진구청,자양2동,2026-09-04
189,자양2-12,서울특별시 광진구 뚝섬로52길 74,37.52903,127.0781,서울특별시 광진구청,자양2동,2026-09-04
190,자양2-13,서울특별시 광진구 뚝섬로52마길 32,37.52891,127.0802,서울특별시 광진구청,자양2동,2026-09-04
191,자양2-14,서울특별시 광진구 뚝섬로 606,37.53272,127.0769,서울특별시 광진구청,자양2동,2026-09-04
192,자양3-1,서울특별시 광진구 뚝섬로 568,37.53387,127.0727,서울특별시 광진구청,자양3동,2026-09-04
193,자양3-2,서울특별시 광진구 뚝섬로 568,37.53258,127.0769,서울특별시 광진구청,자양3동,2026-09-04
194,자양4-1,서울특별시 광진구 뚝섬로26길 58,37.53412,127.0664,서울특별시 광진구청,자양4동,2026-09-04
195,자양4-2,서울특별시 광진구 동일로12길 20,37.53951,127.0633,서울특별시 광진구청,자양4동,2026-09-04
196,자양4-3,서울특별시 광진구 동일로2길 17,37.535,127.0613,서울특별시 광진구청,자양4동,2026-09-04
197,자양4-4,서울특별시 광진구 동일로20길 106,37.53966,127.0693,서울특별시 광진구청,자양4동,2026-09-04
198,자양4-5,서울특별시 광진구 아차산로30길 36,37.53916,127.067,서울특별시 광진구청,자양4동,2026-09-04
199,자양4-6,서울특별시 광진구 아차산로 192,37.54136,127.0644,서울특별시 광진구청,자양4동,2026-09-04
200,자양4-7,서울특별시 광진구 능동로3가길 31,37.53319,127.0644,서울특별시 광진구청,자양4동,2026-09-04
201,자양4-8,서울특별시 광진구 뚝섬로24길 27,37.53522,127.0632,서울특별시 광진구청,자양4동,2026-09-04
202,자양4-9,서울특별시 광진구 뚝섬로23길 17,37.53758,127.0666,서울특별시 광진구청,자양4동,2026-09-04
203,자양4-10,서울특별시 광진구 뚝섬로31길 27,37.53676,127.0679,서울특별시 광진구청,자양4동,2026-09-04
204,화양-1,서울특별시 광진구 능동로17길 39,37.54651,127.0714,서울특별시 광진구청,화양동,2026-09-04
205,화양-2,서울특별시 광진구 능동로17길 39,37.54671,127.0714,서울특별시 광진구청,화양동,2026-09-04
206,화양-3,서울특별시 광진구 광나루로18길 21,37.54671,127.0719,서울특별시 광진구청,화양동,2026-09-04
207,화양-4,서울특별시 광진구 능동로15길 4,37.54494,127.0729,서울특별시 광진구청,화양동,2026-09-04
208,화양-5,서울특별시 광진구 광나루로20길 17,37.54636,127.0745,서울특별시 광진구청,화양동,2026-09-04
209,화양-6,서울특별시 광진구 능동로16길 9,37.54491,127.0736,서울특별시 광진구청,화양동,2026-09-04
210,군자-1,서울특별시 광진구 능동로21길 40,37.55232,127.075,서울특별시 광진구청,군자동,2026-09-04
211,군자-2,서울특별시 광진구 능동로23길 22,37.55261,127.0759,서울특별시 광진구청,군자동,2026-09-04
212,군자-3,서울특별시 광진구 능동로25길 35,37.55274,127.075,서울특별시 광진구청,군자동,2026-09-04
213,군자-4,서울특별시 광진구 능동로27가길 34,37.55335,127.0749,서울특별시 광진구청,군자동,2026-09-04
214,군자-5,서울특별시 광진구 능동로 257,37.5531,127.0767,서울특별시 광진구청,군자동,2026-09-04
215,군자-6,서울특별시 광진구 능동로27길 9,37.55355,127.0768,서울특별시 광진구청,군자동,2026-09-04
216,군자-7,서울특별시 광진구 군자로10길 37,37.54934,127.0726,서울특별시 광진구청,군자동,2026-09-04
217,군자-8,서울특별시 광진구 군자로13길 26,37.55212,127.0709,서울특별시 광진구청,군자동,2026-09-04
218,군자-9,서울특별시 광진구 동일로42길 2,37.55294,127.0703,서울특별시 광진구청,군자동,2026-09-04
219,군자-10,서울특별시 광진구 천호대로102길 55,37.55669,127.0731,서울특별시 광진구청,군자동,2026-09-04
220,군자-11,서울특별시 광진구 동일로58길 20-1,37.55713,127.0738,서울특별시 광진구청,군자동,2026-09-04
221,군자-12,서울특별시 광진구 동일로56길 48,37.55541,127.0745,서울특별시 광진구청,군자동,2026-09-04
222,군자-13,서울특별시 광진구 면목로 28,37.55664,127.0762,서울특별시 광진구청,군자동,2026-09-04
223,군자-14,서울특별시 광진구 면목로5길 44,37.55646,127.0736,서울특별시 광진구청,군자동,2026-09-04
224,군자-15,서울특별시 광진구 천호대로104나길 15-5,37.55697,127.0755,서울특별시 광진구청,군자동,2026-09-04
225,군자-16,서울특별시 광진구 군자로17길 27,37.5565,127.077,서울특별시 광진구청,군자동,2026-09-04
226,군자-17,서울특별시 광진구 면목로 13,37.5555,127.0756,서울특별시 광진구청,군자동,2026-09-04
227,군자-18,서울특별시 광진구 광나루로 389,37.54772,127.0734,서울특별시 광진구청,군자동,2026-09-04
228,군자-19,서울특별시 광진구 동일로 246,37.55354,127.0704,서울특별시 광진구청,군자동,2026-09-04
