연번,관리기관,설치연도,설치위치 (시점 ~ 종점),설치연장(m)
1,종로구,2023.10.,명륜길(명륜길 74 ~ 명륜9길 1),160
2,종로구,2023.10.,사직로1길(행촌동 174-5 ~ 행촌동 171-35),75
3,종로구,2023.10.,사직로1다길(행촌동 201-172 ~ 행촌동 171-120),95
4,종로구,2023.10.,평창길(평창동 435-2 ~ 평창동 448),150
5,종로구,2023.10.,평창30길(평창동 66-28 ~ 평창동 464-14),210
6,종로구,2023.10.,홍지문길(구기동 54-13 ~ 구기동 40-1),190
7,종로구,2023.10.,백석동길(창의문로 132 ~ 백석동길 12-1),105
8,종로구,2023.10.,창덕궁길(창덕궁길 190 ~ 창덕궁5길 40),355
9,종로구,2023.12.,율곡로19길(율곡로19길 24 ~ 율곡로19길 68-2),175
10,종로구,2023.12.,홍지문길(홍지문길 2 ~ 홍지문2길 2),130
11,종로구,2023.12.,평창20길(평창동 148-16 ~ 평창동 139-5),130
12,종로구,2024.10.,성균관로13길(명륜1가 7-69 ~ 명륜3가 1-1003),275
13,종로구,2024.10.,명륜10길(명륜9길 3-2 ~ 명륜10길 16),80
14,종로구,2024.10.,동망산길(숭인동 7-8 ~ 숭인동 24-3),200
15,종로구,2024.10.,홍지문길(홍지문2길 2 ~ 구기동 41-4),550
16,종로구,2024.10.,평창21길(평창문화로 99 ~ 평창21길 9-14),220
17,종로구,2024.10.,평창길(평창길 52 ~ 평창문화로 33),550
18,종로구,2024.10.,평창4길(평창4길 1 ~ 평창4길 9-1),100
19,종로구,2025.11.,상명대 정문(홍지문2길 2 ~ 홍지문2길 11),90
20,종로구,2025.11.,지봉로17길(지봉로 107 ~ 지봉로17길 47),205
21,종로구,2025.11.,숭인동1길(숭인동1길 44 ~ 종로65길 36),110
22,종로구,2025.11.,동숭4나길(동숭4나길 17 ~ 동숭4나길 27),145
23,종로구,2025.11.,비봉4길(비봉4길 47 ~ 비봉4길 18),250
24,종로구,2025.11.,자하문로(자하문로 312 ~ 자하문로 312-52),210
25,종로구,2025.11.,백석동길(자하문로 256 ~ 백석동길 239),370
26,종로구,2025.11.,창신길(창신10가길 1-14 ~ 창신동 611-45),150
27,종로구,2025.11.,비봉5길(비봉5길 5 ~ 비봉5길 29),365
28,종로구,2026. 2.,창신길(창신10가길 1-11 ~ 창신길 140),170
29,종로구,2026. 2.,낙산길(낙산길 250 ~ 낙산길 258),85
30,중구,2020. 10,중림로 2-1 ~ 중림로4길 32,182
31,중구,2020. 10,퇴계로6가길 32 ~ 소월로 39-1,128
32,중구,2020. 10,다산로36길 110,305
33,중구,2020. 10,퇴계뢰68길 24-1 ~ 신당동 229-56,67
34,중구,2022. 11,필동로8길 16 ~ 필동로8가길 56,330
35,중구,2022. 11,퇴계로6길 27 ~ 47,120
36,중구,2022. 11,동호로15길 40 ~ 130-2,40
37,중구,2022. 11,동호로11나길 81 ~ 60,140
38,중구,2022. 11,동호로17길 133 ~ 131-8,65
39,중구,2022. 11,퇴계로88다길 37 ~ 다산로36가길 38,42
40,중구,2023. 11,퇴계뢰90길 73 ~ 퇴계뢰88가길 48-26,100
41,중구,2023. 11,동호로5길 19 ~ 다산로 32,150
42,중구,2023. 11,퇴계로50길 68 ~ 동호로25길 21,200
43,중구,2023. 11,동호로25가길 3 ~ 9,50
44,중구,2023. 11,만리재로21길 9 ~ 13,60
45,중구,2023. 11,동호로11라길 33 ~ 47,70
46,중구,2023. 11,동호로17길 65 ~ 동호로17가길 18,123
47,중구,2023. 11,동호로11마길 24 ~ 동호로11자길 33,200
48,중구,2023. 11,중림로2길 3 ~ 31,170
49,중구,2023. 11,만리재로37길 43 ~ 64,130
50,중구,2023. 11,필동로8길 63 ~ 61-7,65
51,중구,2023. 11,난계로 130,105
52,중구,2023. 11,동호로17다길 2 ~ 2-13,80
53,중구,2023. 11,동호로17다길 12 ~ 21-13,70
54,중구,2023. 11,동호로15길 103 ~ 97-42,128
55,중구,2023. 11,동호로11가리 23 ~ 33,40
56,중구,2023. 11,동호로17가길 2 ~ 18,92
57,중구,2023. 11,동호로8길 17 ~ 50,150
58,중구,2023. 11,다산로 58 ~ 다산로4길 10,60
59,중구,2023. 11,다산로44길 95 ~ 119,140
60,중구,2023. 11,소공로6가길 2 ~ 29,140
61,중구,2023. 11,다산로 32,155
62,중구,2024.11,동호로 11길 111,60
63,중구,2025. 11,퇴계로12길 64 ~ 퇴계로8길 79,175
64,중구,2025. 11,동호로15길 95 ~ 동호로15길 93-30 (허상욱),80
65,중구,2025. 11,동호로17길 295 ~ 동호로17길 271,160
66,중구,2025. 11,동호로11라길 21 ~ 동호로11차길 23,110
67,중구,2025. 11,동호로17다길 19 ~ 동호로17나길 20,95
68,중구,2025. 11,서소문로2길 6 ~ 서소문로2길 25,190
69,중구,2025. 11,만리재로35길 33 ~ 만리재로37길 42,120
70,중구,2025. 12,퇴계로20나길 31 ~ 소파로 99,90
71,중구,2025. 12,퇴계로18길 103,60
72,중구,2025. 12,동호로25길 41 ~ 동호로25길 37-54,85
73,중구,2025. 12,장충단로6길 59 ~ 장충단로6길 43,60
74,중구,2025. 12,동호로15길 93 ~ 동호로11길 36,130
75,중구,2025. 12,동호로11차길 20 ~ 30,85
76,중구,2025. 12,동호로17길 173 ~ 동호로11아길 28-7,90
77,중구,2025. 12,동호로17길 211 ~ 223 ~ 동호로11바길 52,85
78,용산구,2023.1.,소월로20길 6 ~ 소월로 20길 12 ,65
79,용산구,2022.1.,회나무로 90 ~ 회나무로 44길 2,50
80,용산구,2022.12.,이태원로 222 ~ 대사관로12길 4-8,235
81,용산구,2024.10.,서빙고로 417 ~ 장문로 141,100
82,용산구,2024.10.,신흥로 56 ~ 신흥로 87,330
83,용산구,2024.10.,효창원로 220 ~ 효창원로 228,120
84,용산구,2024.10.,독서당로 101~103,90
85,용산구,2023.10.,신흥로 93 ~ 신흥로 126,370
86,용산구,2023.10.,효창원로 86가길 26 ~효창원로 86길 33,120
87,용산구,2024.12.,신흥로5길 69~신흥로3가길 38,230
88,용산구,2024.12.,효창원로15길 42~효창원로 35,290
89,용산구,2024.12.,회나무로 21길 1 ~ 회나무로41길 5,430
90,용산구,2024.12.,효창원로 154~효창원로72길20,80
91,용산구,2024.12.,장문로 66-1 ~ 장문로 60,55
92,용산구,2024.12.,청암동 176,450
93,용산구,2024.12.,산천동 200~산천동 6-82,
94,용산구,2024.12.,소월로38길 30~소월로38길 4,324
95,용산구,2024.12.,독서당로 89,22
96,용산구,2024.12.,두텁바위로5길 9 ~26,90
97,용산구,2024.12.,한강대로94길,40
98,용산구,2024.12.,효창원로 266 ~ 104가길 1,32
99,용산구,2024.12.,효창원로86길 67 ~ 효창원로86라길 14,70
100,용산구,2024.12.,독서당로 129~독서당로29길 5-6,150
101,용산구,2025.1.,산천동 200-6 ~82,330
102,용산구,2024.1.,녹사평대로 46길 46 ~ 92,260
103,용산구,2025.5.,임정로 35~임정로 13,225
104,용산구,2025.5.,임정로 13~ 임정로 5,90
105,용산구,2025.12.,임정로29길(데시앙아파트),35
106,용산구,2025.12.,백범로 51길(kcc스위첸),20
107,용산구,2025.5.,보광로95~녹사평대로26길 92(엔틱가구거리),40
108,용산구,2025.5.,녹사평대로46가길 7~ 47(이태원초교),240
109,용산구,2025.5.,회나무로 24 ~회나무로12나길 2(디지텍고등학교),160
110,용산구,2025.12.,회나무로12나길6~회나무로12나길 14,60
111,용산구,2025.12.,한남대로 10길 36~60,130
112,용산구,2025.5.,장문로 24 ~ 30(청화아파트 후문),70
113,용산구,2025.12.,녹사평대로14길14~서빙고동1-29,120
114,용산구,2025.12.,서빙고로91길 10~보광로5길 37,55
115,용산구,2025.12.,두텁바위로 125~91,125
116,용산구,2025.12.,후암로28나길 11 ~ 두텁바위로 149,230
117,용산구,2025.12.,후암동48길 15 ~ 두텁바위로 177,240
118,용산구,2025.5.,백범로 313 ~백범로 79길 9,80
119,용산구,2025.5.,효창원로 178 ~ 청파로 47길 99,200
120,용산구,2025.5.,백범로45길 5 ~ 8,40
121,성동구,2018. 12.,금호산길 30 ~ 40,160
122,성동구,2018. 12.,옥수초 정문 앞(금호로1길 27),5
123,성동구,2020. 5.,응봉초 통학로(독서당로 384 ~ 독서당로62길 10),95
124,성동구,2020. 5.,금북초 후문 통학로(난계로 61-19 ~ 63),40
125,성동구,2020. 10.,응봉교앞 보도육교,25
126,성동구,2022. 1,응봉초 통학로(독서당로 384 ~ 독서당로62길 14),105
127,성동구,2022. 1,금호산길 10-1 ~ 40,310
128,성동구,2021. 12.,금호자이1차 @(금호로 111 ~ 117),220
129,성동구,2021. 12.,동산초 통학로(매봉18길 109 ~ 금호동2가 1-4),250
130,성동구,2021. 12.,금옥초 통학로(독서당로 251-24 ~ 253),150
131,성동구,2021. 12.,옥수교회 주변(독서당로 227),135
132,성동구,2021. 12.,옥정중 통학로(독서당로 168 ~ 한림말길 20),190
133,성동구,2021. 12.,옥수종합복지관 앞(한림말길 16-5),30
134,성동구,2022. 12.,하왕십리동 1052-2 ~ 왕십리로31길 16,165
135,성동구,2022. 12.,옥정초 통학로(독서당로 224 ~ 한림말3길 10),195
136,성동구,2022. 12.,금호2·3가동 주민센터(금호로 141-1 ~ 금호산14길 7-1),100
137,성동구,2022. 12.,독서당로59다길 6 ~ 독서당로59길 84,340
138,성동구,2022. 12.,옥수 한남하이츠 빌라(독서당로39길 34 ~ 46),150
139,성동구,2022. 12.,금호삼성@ ~ 벽산@ 사이도로(금호동1가 634 ~ 독서당로55길 25-2),320
140,성동구,2022. 12.,동호초 통학로(매봉길 49-35 ~ 50),265
141,성동구,2022. 12.,왕십리자이@ ~ 풍림아이원@ 사이(난계로 100 ~ 하왕십리동 1062),270
142,성동구,2022. 12.,서울숲 르씨엘@(독서당로46길 35 ~ 금호로1길 27),160
143,성동구,2023. 12.,두산@ ~ 한진타운@ 사이(행당로6길 97 ~ 74),240
144,성동구,2023. 12.,상왕십리역 ~ 무학한신@(왕십리로31나길 23 ~ 왕십리로31가길 22),130
145,성동구,2023. 12.,"독서당로59나길 39 ~ 독서당로59길 45
독서당로63길 39 ~ 독서당로59길 29-2",500
146,성동구,2023. 12.,"금호동3가 701 ~ 장터5가길 36
금호산8길 5 ~ 무수막길 59",350
147,성동구,2023. 12.,왕십리 풍림아이원 앞 경사지(난계로 84 ~ 무학봉길 46-26),370
148,성동구,2023. 12.,금북초 후문 통학로(행당로1길 13 ~ 난계로 63),80
149,성동구,2023. 12.,금옥초교 앞(독서당로 257 ~ 매봉길 2),165
150,성동구,2023. 12.,옥수초교 앞(금호로1길 27 ~ 38),160
151,성동구,2023. 12.,동호초교 앞(매봉길 49-35 ~ 50),250
152,성동구,2023. 12.,옥정초교 앞(한림말3길 14 ~ 독서당로 222),200
153,성동구,2023. 12.,행현초교 앞(행당로 95 ~ 왕십리로21길 57),270
154,성동구,2023. 12.,신금호두산위브@ 앞(행당로 31),40
155,성동구,2023. 12.,응봉파출소 ~ 청우빌라(독서당로 373 ~ 독서당로59길 254),350
156,성동구,2023. 12.,한진해모로~한신무학@ 사이(하왕십리동 1050-2 ~ 왕십리로31길 16),80
157,성동구,2023. 12.,신성교회 앞 고갯길(행당로8길 36 ~ 41-2),80
158,성동구,2023. 12.,한양부속중학교 후문~사근동 주민센터(마조로 42 ~ 사근동길 43),230
159,성동구,2023. 12.,금호중앙교회 옆 도로(금호동2가 산 9-1 ~ 금호로13길 20),130
160,성동구,2023. 12.,옥정초교 앞 도로(옥수동 218 ~ 한림말길 41-5),130
161,성동구,2024. 12.,금호로 176-1 ~ 금호로16길 6,61
162,성동구,2024. 12.,매봉18길 109 ~ 금호동2가 1-4,210
163,성동구,2024. 12.,금호산8길 13 ~ 무수막길 59,70
164,성동구,2024. 12.,무수막18길 1 ~ 금호로 141-1,50
165,성동구,2024. 12.,독서당로63길 63 ~ 독서당로57가길 24,100
166,성동구,2024. 12.,마조로42 ~ 사근동길 43,460
167,성동구,2024. 12.,행당로 75,40
168,성동구,2024. 12.,행당동 344,350
169,성동구,2024. 12.,왕십리로31길 20,50
170,성동구,2024. 12.,난계로 100,330
171,성동구,2024. 12.,동호로 99 ~ 매봉길 16,295
172,성동구,2025. 10.,금호산2길 1 ~ 금호산길 20,90
173,성동구,2025. 10.,금호동3가 1665 ~ 금호동3가 1266-2,120
174,성동구,2025. 10.,행당로8길 36 ~ 행당로8길 41-2,160
175,성동구,2025. 11.,응봉동 275-9 ~ 금호1가동 1816,130
176,성동구,2025. 11.,독서당로 272,160
177,성동구,2025. 11.,송정동 107,120
178,광진구,2022. 11.,구의2동 34-8 ~ 구의2동 81-3,278
179,광진구,2022. 11.,구의2동 23-26 ~ 구의2동 23-30,76
180,광진구,2022. 11.,용곡초등학교 ~ 용곡초등학교,76
181,광진구,2022. 11.,중곡3동 194-19 ~ 중곡3동 608-6,160
182,광진구,2022. 11.,아차산로78길 90 ~ 아차산로78길 90,140
183,광진구,2022. 11.,아차산로78가길 17 ~ 아차산로78가길 17,140
184,광진구,2023.8.,중곡4동 176-144 ~ 중곡4동 176-42,229
185,광진구,2023.8.,중곡4동 297-6 ~ 중곡4동 176-110,348
186,광진구,2023. 9.,중곡4동 289-2 ~ 중곡4동 287-2,187
187,광진구,2023. 9.,중곡4동 289-10 ~ 중곡4동 294-1,237
188,광진구,2023. 9.,중곡4동 21-11 ~ 중곡4동 271-1,260
189,광진구,2023. 9.,구의2동 143-1 ~ 구의2동 21-32,170
190,광진구,2023. 11.,구의2동 556-6 ~ 구의2동 549-3,210
191,광진구,2023. 11.,구의2동 558-11 ~ 구의2동 551-2,220
192,광진구,2023. 11.,구의2동 22-34 ~ 구의2동 22-27,50
193,광진구,2023. 11.,구의2동 549-3 ~ 중곡4동 104-11,70
194,광진구,2024. 10,중곡동 71 ~ 중곡동 72-10,50
195,광진구,2024. 10,화양동 132-34 ~ 화양동 132-63,30
196,광진구,2024. 10,구의동 662 ~ 구의동 23-29,30
197,광진구,2024. 9.,중곡3동 168-1 ~ 중곡3동 169-11,60
198,광진구,2024. 9.,중곡4동 605-1 ~ 중곡4동 599-2,170
199,광진구,2024. 9.,중곡2동 36-2 ~ 중곡2동 35-2,30
200,광진구,2024. 9.,중곡4동 70-12 ~ 중곡4동 69-5,67
201,광진구,2024. 6.,구의2동 43-11 ~ 구의2동 36-20,90
202,광진구,2024. 6.,구의2동 77-47 ~ 구의2동 614-3,60
203,광진구,2024. 6.,자양1동 607-17 ~ 자양1동 609-16,30
204,광진구,2024. 6.,자양1동 659-20 ~ 자양1동 659-32,40
205,광진구,2024. 6.,자양1동 610 ~ 자양1동 611-5,25
206,광진구,2024. 6.,능동 320-56 ~ 능동 320-58,50
207,광진구,2024. 7.,광장동 121 ~ 광장동 148-4,150
208,광진구,2024. 7.,광장동 244-24 ~ 광장동 241-1,40
209,광진구,2024. 7.,구의동 57-30 ~ 구의동 57-120,55
210,광진구,2025. 5.,구의동 37-9 ~ 구의동 33-1,240
211,광진구,2025. 5.,구의동 591 ~ 구의동 591-5,30
212,광진구,2025. 8.,중곡동 150-323 ~ 중곡동 150-300,60
213,광진구,2025. 8.,광장동 107 ~ 광장동 102,86
214,광진구,2025. 8.,화양동 111-12 ~ 화양동 111-117,45
215,광진구,2025. 8.,구의동 254-36 ~ 구의동 254-44,70
216,광진구,2025. 6.,구의동 75-6 ~ 구의동 77-33,30
217,광진구,2025. 6.,능동 225-5 ~ 능동 284-1,50
218,광진구,2025. 6.,뚝섬로64길 45 ~ 구의강변로11,110
219,광진구,2025. 12.,구의동 38-20 ~ 구의동 38-20,145
220,광진구,2025. 12.,구의동 151-5 ~ 구의동 151-5,145
221,광진구,2025. 12.,광장동 384-11 ~ 광장동 384-11,190
222,광진구,2025. 12.,광장동 401-35 ~ 광장동 401-35,190
223,광진구,2025. 12.,구의동 16-19 ~ 구의동 16-1,360
224,광진구,2025. 12.,자양동 658-1 ~ 자양동 658-8,50
225,광진구,2025. 12.,중곡동 128-44 ~ 중곡동 128-9,40
226,광진구,2025. 12.,화양동 111-36 ~ 화양동 111-32,47
227,광진구,2025. 12.,화양동 111-196 ~ 화양동 111-15,38
228,광진구,2025. 12.,능동 283-11 ~ 능동 283-15,53
229,광진구,2025. 12.,능동 283-21 ~ 능동 283-32,58
230,광진구,2025. 12.,능동 282-6 ~ 능동 225-5,55
231,광진구,2025. 12.,능동 173 ~ 능동 240-29,84
232,광진구,2025. 12.,중곡동 100-1 ~ 중곡동 100-4,62
233,동대문구,2022.12,청량리동 206-198 ~ 회기동 102-48,160
234,동대문구,2022.12,전농동 42-4 ~ 3-89,450
235,동대문구,2023.12,청량리동 11-5,20
236,동대문구,2023.12,제기동 146-41 ~ 158-7,60
237,동대문구,2023.12,휘경동 43-230 ~ 203,30
238,동대문구,2023.12,휘경동 369,40
239,동대문구,2023.12,답십리동 75-24,15
240,동대문구,2023.12,답십리동 294-129 ~ 483-1,240
241,동대문구,2023.12,전농동 204-108 ~ 196-5,30
242,동대문구,2023.12,답십리동 990 ~ 4-73,270
243,동대문구,2023.12,전농동 산 32-20 ~ 43-5,100
244,동대문구,2023.12,이문동 264-375 ~ 264-248,200
245,동대문구,2023.12,이문동 264-377 ~ 264-355,100
246,동대문구,2024.11,이문동 165-30 ~ 255-261,270
247,동대문구,2024.11,회기동 102-288 ~ 103-199,100
248,동대문구,2024.11,휘경동 294-164 ~ 294-168,270
249,동대문구,2024.11,전농동 32-20,45
250,동대문구,2025.10.,회기동 54-100 ~ 2-15,80
251,동대문구,2025.10.,답십리동 218 ~ 3-67,93
252,동대문구,2025.12.,이문동 264-236 ~ 264-223,50
253,동대문구,2025.12.,이문동 346-156 ~ 산 15-3,50
254,동대문구,2025.12.,이문로42길 91 ~ 73,101
255,동대문구,2025.12.,서울시립대로29길 3 ~ 5,40
256,동대문구,2025.12.,휘경동 281-30 ~ 295-127,55
257,동대문구,2025.12.,휘경동 312-19 ~ 312-11,30
258,동대문구,2025.12.,휘경동 43-177 ~ 43-253,90
259,동대문구,2025.12.,휘경동 43-183 ~ 43-184,90
260,동대문구,2025.12.,휘경동 281-37 ~ 281-40,30
261,동대문구,2025.12.,답십리동 990 ~ 24-25,100
262,동대문구,2025.12.,답십리동 75-17 ~ 80-2,200
263,동대문구,2025.12.,회기동 71-4 ~ 65-83,80
264,동대문구,2025.12.,회기동 67-3 ~ 65-51,80
265,동대문구,2025.12.,답십리동 75-18 ~ 75-35,80
266,중랑구,21.12.07.,"용마공원로10가길, 13길",125
267,중랑구,21.12.07.,상봉로16길(망우동 521-6~521-32),100
268,중랑구,22.11.30.,면목로56길 85~사가정로 357,40
269,중랑구,22.11.30.,면목로54길 81~사가정로 349,40
270,중랑구,22.11.30.,면목로 327(버스정류장),10
271,중랑구,22.11.30.,사가정로 387(버스정류장),10
272,중랑구,22.11.30.,면목로22길 14~답십리로87길 17,130
273,중랑구,22.11.30.,면목로30길 13~33,100
274,중랑구,22.11.30.,용마산로40길 28~8,130
275,중랑구,22.11.30.,"용마산로45길 48~60, 용마산로45길 16~24",150
276,중랑구,22.11.30.,용마산로99길 9~봉우재로64길 65,70
277,중랑구,22.11.30.,봉우재로64길 59~용마산로101길 19,130
278,중랑구,24.06.15,겸재로48길 31~겸재로42길 42,100
279,중랑구,24.06.15,용마산로94길 84~64-120,80
280,중랑구,24.06.15,면목로30나길 17~면목로34길 28,70
281,중랑구,24.06.15,봉우재로58길 44~26,110
282,중랑구,24.01.31,면목로22길 32~답십리로87길 12,55
283,중랑구,24.01.31,사가정로72길 26~용마산로62길 43,150
284,중랑구,23.12.31.,봉우재로71길 74~79-3,90
285,중랑구,23.12.31.,동일로126가길 11,50
286,중랑구,23.12.31.,동일로140길 88~동일로144길 84,200
287,중랑구,23.12.31.,상봉중앙로8길 27~35,40
288,중랑구,24.11.30,망우로91길(망우동 산 56-1),230
289,중랑구,24.11.30,봉우재로65길 30 ~ 45,135
290,중랑구,24.11.30.,봉우재로65길 8 ~ 봉우재로 221,60
291,중랑구,24.11.30.,용마산로 329 ~ 면목로44바길 2,80
292,중랑구,24.11.30.,용마산로 304 ~ 용마산로58길 50,230
293,중랑구,24.12.24.,용마산로118길 119 ~ 125,60
294,중랑구,24.12.24.,용마산로 388 ~ 용마산로86길 9-14,110
295,중랑구,24.12.24.,봉화산로 153 ~ 봉화산로45길 9-31,140
296,중랑구,25.6.30.,신내역로3길 56,430
297,중랑구,25.6.30.,겸재로54길 60 ~ 면목로66길 54,70
298,중랑구,25.6.30.,상봉로5길 30 ~ 25,70
299,중랑구,25.9.30.,면목로 450~면목로84길 21,60
300,중랑구,25.11.28.,용마산로 86길,100
301,중랑구,25.12.,면목로28길,226
302,성북구,2016. 11.,성북로4길 21 ~ 성북로 12,150
303,성북구,2018. 11.,보국문로 160 ~ 솔샘로25가길 8,310
304,성북구,2018. 11.,동소문로28길∼26마길 59,80
305,성북구,2019. 12.,길음로15가길 3 ~ 길음로 103,256
306,성북구,2019. 12.,장위로 4 ~ 장위로 31,280
307,성북구,2016. 12.,성북동 1-163,95
308,성북구,2019. 12.,장위로15길 94-1 ~ 장위로15길 113,130
309,성북구,2020. 12,오패산로16가길 99 ~ 오패산로16가길 76,323
310,성북구,2020. 12,장위로10길 2 ~ 장위로10길 28,159
311,성북구,2020. 12,오패산로16길 37 ~ 오패산로 69,112
312,성북구,2020. 12,보국문로28길 10 ~ 보국문로28길 32,277
313,성북구,2020. 12,서경로 153 ~ 보국문로16길 98,217
314,성북구,2020. 12,보국문로14길 9 ~ 보국문로16길 2,67
315,성북구,2020. 12,정릉로9나길 30-6 ~ 정릉로9길 48,85
316,성북구,2020. 12,정릉로10길 114 ~ 북악산로 537-14,412
317,성북구,2020. 12,북악산로 762-12 ~ 아리랑로5길 147,268
318,성북구,2020. 12,동소문로34길 24 ~ 정릉로 364,75
319,성북구,2020. 12,화랑로18길 59-4 ~ 화랑로18길 74,45
320,성북구,2021. 12,성북로4길 52-1 ~ 아리랑로5길 25,300
321,성북구,2021. 12,북악산로 825 ~ 북악산로 825-44,60
322,성북구,2021. 12,정릉로 236 ~ 정릉로24길 58,170
323,성북구,2021. 12,정릉로12길 12 ~ 정릉로12길 44-5,200
324,성북구,2021. 12,길음로 142,200
325,성북구,2021. 12,아리랑로12길 3 ~ 아리랑로16길 20,180
326,성북구,2021. 12,아리랑로6가길 30 ~ 아리랑로6나길 11,150
327,성북구,2021. 12,정릉로52길 46 ~ 정릉로52길 14,50
328,성북구,2021. 12,종암로23길 52 ~ 종암로25길 14,250
329,성북구,2021. 12,종암로21길 127 ~ 종암로25길 30,250
330,성북구,2021. 12,장위로6길 2 ~ 장위로10길 24-22,110
331,성북구,2022. 12,성북로4길 21 ~ 성북로8길 71,343
332,성북구,2022. 12,동부센트레빌 ~ 개운초교,256
333,성북구,2022. 12,동소문로3길 54 ~ 성북로2길 47,90
334,성북구,2022. 12,동소문로32길 4 ~ 북악산로 902,90
335,성북구,2022. 12,길음로15가길 3 ~ 길음로15가길 53,270
336,성북구,2022. 12,성북로4길 177,116
337,성북구,2022. 12,북악산로 809 ~ 아리랑로18길 27,120
338,성북구,2022. 12,석관동 10-1 ~ 석계교,50
339,성북구,2023. 12.,길음동 918-3 ~ 길음동 1289-4,50
340,성북구,2023. 12,보문사길 86 ~ 보문사길 120,193
341,성북구,2023. 12,북악산로1길 26-23 ~ 북악산로1길 140,170
342,성북구,2023. 12,종암로23길 17 ~ 종암로23길 52,90
343,성북구,2023. 12,아리랑로5길 24 ~ 아리랑로2길 58,170
344,성북구,2023. 12,길음로9길 74 ~ 길음로9길 50,180
345,성북구,2023. 12,동소문로15길 100 ~ 동소문로13나길 115,250
346,성북구,2023. 12,정릉로10길 107 ~ 정릉로10길 82,240
347,성북구,2023. 12,보문로29다길 31 ~ 보문로20다길 31,140
348,성북구,2023. 12,정릉로42길 20 ~ 북악산로 851,170
349,성북구,2023. 12,보문사길 29 ~ 지봉로 172,80
350,성북구,2023. 12,성북로14가길 4 ~ 성북로14가길 17,55
351,성북구,2023. 12,정릉로12길 44-1 ~ 정릉로10가길 32,40
352,성북구,2024. 12,보국문로32길 29 ~ 보국문로32길 68,210
353,성북구,2024. 12,보문로34다길 49 ~ 보문로34다길 48-29,95
354,성북구,2024. 12,정릉동 232 ~ 정릉동 239-14,100
355,성북구,2024. 12,장월로3길 1 ~ 장월로3길 42,185
356,성북구,2024. 12,길음동 1286-4 ~ 길음로 33,195
357,성북구,2024. 12,정릉로44길 7 ~ 정릉로44길 19,170
358,성북구,2024. 12,정릉로10다길 3 ~ 정릉로10다길 49,300
359,성북구,2024. 12,보문로22길 36 ~ 고려대로 40,300
360,성북구,2024. 12,정릉로44길 37 ~ 동소문로34길 24,430
361,성북구,2025.11,성북로14길 11-2 ~ 성북동 산 7-67 ,470
362,성북구,2025.11,정릉로24길 58 ~ 정릉로 236,280
363,성북구,2025.11,종암로27길 116 ~ 종암로23길 35,160
364,성북구,2025.11,보문로29길 1 ~ 보문로29길 35,180
365,성북구,2025.11,삼양로4길 33 ~ 삼양로2길 15,170
366,성북구,2025.11,길음로15길 23 ~ 길음로13길 11,330
367,성북구,2025.11,돈암동 7-10,50
368,성북구,2025.11,동소문동4가 103-25 ~ 동소문로13가길 46,100
369,성북구,2025.11,동소문로3길 123 ~ 동소문로13길 39-2,60
370,성북구,2025.11,보문로22길 46 ~ 보문로22길 62,100
371,성북구,2025.11,정릉동 181-42 ~ 정릉동 1018-5,40
372,강북구,2017.12.,쌍문414교(수유동 701-1앞),26
373,강북구,2019.12.,오패산로 52길,350
374,강북구,2019.12.,솔매로 14 주변,250
375,강북구,2019.12.,계성교,28
376,강북구,2020.12.,삼양로41가길 8,90
377,강북구,2021.12.,인수봉로 40~인수봉로12길63,335
378,강북구,2021.12.,솔매로24 ~ 솔매로38,130
379,강북구,2022.12.,덕릉로130~134(오패산터널 유턴구간),220
380,강북구,2022.12.,솔매로 154~오패산로52길 10,290
381,강북구,2022.12.,오현로9길 45~오현로 35,250
382,강북구,2022.12.,삼양로19길 206~195,60
383,강북구,2022.12.,삼양로19길 195~솔샘로174(124동 앞),70
384,강북구,2022.12.,솔샘로174(124동 앞)~강북보건소 삼각산분소 앞,90
385,강북구,2024.12.,도봉로76길 66~덕릉로40다길 9,250
386,강북구,2024.12.,삼양로19길 154~55,450
387,강북구,2024.12.,인수봉로23가길 10~56,260
388,강북구,2024.12.,솔샘터널 상단 회차구간,300
389,강북구,2024.12.,삼양로63가길 3,70
390,강북구,2025.11.,인수봉로23가길 20~4-5,140
391,강북구,2024.12.,인수봉로78길 26~인수봉로 269,90
392,강북구,2024.12.,국립통일교육원 주변(4.19로),180
393,강북구,2024.12.,솔샘역 주변(솔샘로31길),67
394,강북구,2024.12.,삼양로27길 95~61-10,120
395,강북구,2024.12.,인수봉로 58~인수봉로17길 21,400
396,강북구,2025.11.,오현로 173~오현로25다길 33,370
397,강북구,2025.11.,오현로25다길 30~95,370
398,강북구,2025.11.,오현로21길 6~84,450
399,강북구,2025.11.,삼양로27길 43~삼양로19길 113,250
400,강북구,2025.11.,인수봉로73길 31~인수봉로 265,170
401,강북구,2025.11.,삼양로69길 3~37(한빛맹학교 앞),200
402,강북구,2025.11.,오패산로 191~오현로 29,320
403,강북구,2025.11.,오현로 46(어울림소공원),40
404,강북구,2025.11.,삼양로 655~삼양로169길 27,80
405,강북구,2025.11.,인수봉로6길 29~인수봉로12길 32,165
406,강북구,2025.11.,솔샘로48길 14~삼양로27길 14,270
407,강북구,2025.11.,인수봉로6길 55,40
408,강북구,2025.11.,오현로 179-9,70
409,도봉구,2019.10.,노해로46길 31 ~ 도봉로117길 88,20
410,도봉구,2019.10.,노해로46길 61 ~ 도봉로109가길 25-4,50
411,도봉구,2019.10.,노해로42길 9-3 ~ 노해로44길 16,30
412,도봉구,2020.10.,노해로44길 40 ~ 46,36
413,도봉구,2020.10.,노해로48길 29 ~ 33,42
414,도봉구,2020.10.,도봉로109길 91 ~ 92,48
415,도봉구,2020.10.,노해로 195 ~ 노해로49길 6,32
416,도봉구,2020.10.,덕릉로60길 135~135-13,66
417,도봉구,2020.10.,해등로3길 85 ~ 창동 산 107-223,69
418,도봉구,2021.10.,우이천로48길 63 앞,37
419,도봉구,2021.10.,우이천로38라길 4~25,130
420,도봉구,2021.10.,덕릉로60길 109-64~109-58,65
421,도봉구,2021.10.,노해로 267,18
422,도봉구,2021.10.,우이천로38길 25~120,473
423,도봉구,2022.10.,노해로217~노해로49길 68,150
424,도봉구,2022.10.,도봉로121길 28~60,185
425,도봉구,2022.10.,우이천로38길 88 ~ 우이천로38마길 34,190
426,도봉구,2022.10.,노해로49길 26-3~52,150
427,도봉구,2022.10.,우이천로38라길 25-4~54,150
428,도봉구,2022.10.,노해로45길 17~26,290
429,도봉구,2023.6.,우이천로38나길 61~38,150
430,도봉구,2023.6.,시루봉로1길 76 주변,160
431,도봉구,2023.6.,"노해로44길 35~59 -> 노해로44길 35~도봉로109길 98
노해로44길 46~도봉로109길 78",90
432,도봉구,2023.6.,노해로45길 48~우이천로32길 98,120
433,도봉구,2023.6.,노해로45길 38~38-24,130
434,도봉구,2023.6.,"한양5차아파트~한양6차아파트
(쌍문동 산 67-4 ~ 쌍문동 산 83-24)",280
435,도봉구,2023.10.,도봉로127길 15 ~ 43-10,200
436,도봉구,2023.10.,노해로57길20 ~ 노해로227,105
437,도봉구,2023.10.,노해로46길 71 주변,26
438,도봉구,2023.10.,덕릉로62길 26~덕릉로 268 ,124
439,도봉구,2023.10.,노해로41가길 17 주변,110
440,도봉구,2023.10.,노해로221 ~ 노해로57길 11,120
441,도봉구,2023.10.,노해로198 ~ 노해로48길 39,63
442,도봉구,2023.12,도봉산4길 28-3 주변,110
443,도봉구,2023.12,덕릉로63가길 43 주변,125
444,도봉구,2024.11.,노해로40길 11 ~ 노해로 156,80
445,도봉구,2024.11.,해등로 3길 63 주변,200
446,도봉구,2025.6.,덕릉로62길 48~60,50
447,도봉구,2025.6.,덕릉로60차길 5~ 25,100
448,도봉구,2025.6.,도봉로123길 35 ~ 55,110
449,도봉구,2025.6.,노해로 201-14 ~ 24,80
450,도봉구,2025.6.,"노해로57길 68 ~ 
도봉로127길 43-30",50
451,도봉구,2025.6.,도봉로110라길 18 ~ 53,70
452,도봉구,2025.6.,도봉로110라길 69-6 주변,50
453,도봉구,2025.6.,도봉로180가길 96 주변,150
454,도봉구,2025.6.,도봉로 604 주변,90
455,도봉구,2025.6.,쌍문동 25-61,60
456,도봉구,2026.6.,도당로 14 주변,77
457,도봉구,2026.6.,시립도봉노인종합복지관 주변,63
458,도봉구,2026.6.,해등로17길 76 주변,58
459,도봉구,2026.6.,시루봉로 166 주변,53
460,도봉구,2026.6.,시루봉로15아길 28,94
461,도봉구,2026.6.,해등로16길 63,120
462,도봉구,2026.6.,창5동주민센터 주변,70
463,도봉구,2026.6.,신도봉교회 주변,25
464,도봉구,2026.6.,해등로 295 주변,70
465,도봉구,2026.6.,노해로 188 주변,50
466,도봉구,2026.6.,둥근달 어린이집 주변,70
467,도봉구,2026.6.,노해로49길 66 주변,70
468,도봉구,2026.6.,노해로51길 15 주변,71
469,도봉구,2026.6.,노해로51길 4 주변,53
470,도봉구,2026.6.,노해로 201-1 주변,51
471,도봉구,2026.6.,쌍문현대아파트2차 주변,30
472,도봉구,2026.6.,도봉로187길 9 주변,55
473,도봉구,2026.6.,도봉로114길 22 주변,20
474,도봉구,2026.6.,덕릉로59라길 54 주변,20
475,도봉구,2026.6.,도봉로110마길 6 주변,45
476,도봉구,2026.6.,창림초등학교 주변,265
477,도봉구,2026.6.,노해로61길 4 주변,35
478,노원구,2021.12,월계동 950-2 ~ 666-10,240
479,노원구,2022.12,중계동 129-2 ~ 131-4,150
480,노원구,2022.12,상계동 1270 ~ 134-127,120
481,노원구,2022.12,"상계동 1000-7~ 
상계동 1013-38",60
482,노원구,2022.12,월계역 2번출구,30
483,노원구,2023.12,상계동 산 145-17 ~ 상계동 138-195,230
484,노원구,2024.11,상계동 463~상계동 637,195
485,노원구,2024.11,상계동 산 42-3,635
486,노원구,2024.12,월계동 429-4 ~ 429-9,150
487,노원구,2024.12,월계동 411-47 ~ 428-2,160
488,노원구,2024.12,상계동 1286 ~ 상계동 1274,230
489,노원구,2024.12,상계동 77-76 ~ 상계동 1274,380
490,노원구,2025.11,상계동 1293-1,250
491,노원구,2025.1,월계동 388-2,250
492,노원구,2025.1,월계동 392-64,120
493,노원구,2025.11,상계동 1113-37,20
494,노원구,2025.11,상계동 1113-41,30
495,노원구,2025.11,상계동 1118-108,70
496,노원구,2025.11,청암 2단지 아파트(중계동 산26 부근),86
497,노원구,2026.5.,석계로15길,110
498,은평구,2014.11.,은평터널로(신사동 148-190),335
499,은평구,2021.11.,은평터널로(신사동 148-190),200
500,은평구,2022.11.,불광로2길(북한산현대홈타운~북한산힐스테이트1차),150
501,은평구,2022.11.,응암로22길(응암동 240-1~241-69),75
502,은평구,2022.11.,백련산로4길(응암2동주민센터~응암동 227-24),240
503,은평구,2022.11.,가좌로12길(홍익아파트~형진아파트),120
504,은평구,2023.11.,진흥로(불광동635-4~불광동637-5),223
505,은평구,2023.11.,응암로14길(응암동334-35~응암동648),145
506,은평구,2024.12.,통일로(녹번동19-46~녹번동 283),350
507,은평구,2024.12.,통일로(녹번동53-35~녹번동 283),320
508,서대문구,2020.11,연희로41길 165 ~ 연희로41라길 10,20
509,서대문구,2017.11,세검정로4길 147 ~ 세검정로4길 100,320
510,서대문구,2018.11,모래내로24나길 ~ 모래내로24길 5,203
511,서대문구,2018.11,연희로11마길 75 ~ 연희로11마길 49,140
512,서대문구,2019.11,연희로37길 3 ~ 연희로37안길 51,400
513,서대문구,2019.11,가좌로2길 50 ~ 가좌로2길 68,155
514,서대문구,2019.11,2019.11,30
515,서대문구,2019.11,통일로26길 11 ~ 통일로26길 41,100
516,서대문구,2020.11,연희로39나길 22 ~ 연희로39길 56,65
517,서대문구,2020.11,이화여대8길 3 ~ 이화여대8길 16,65
518,서대문구,2021.06,수색로8길 68 ~ 수색로8길 54,78
519,서대문구,2021.12,홍은중앙로 166 ~ 홍은중앙로 135,300
520,서대문구,2022.9,연희로 331 ~ 연희로39나길 2,420
521,서대문구,2022.9,홍은중앙로 124-1,87
522,서대문구,2022.9,홍은중앙로 174 ~ 홍은중앙로 180,90
523,서대문구,2022.9,명지길 33~모래내로 299,180
524,서대문구,2022.9,연희로32길 20 ~ 연희로32길 48,180
525,서대문구,2022.9,연희동 168-15 ~ 연희로36길 61,220
526,서대문구,2022.9,북아현로 25길 30~북아현로23길 25,120
527,서대문구,2022.9,북아현로1나길 22,130
528,서대문구,2023.3,명지길 143~명지2길 45,190
529,서대문구,2023.3,세검정로4길 32~92,290
530,서대문구,2023.3,연희로248~연희로32길 129,200
531,서대문구,2023.3,증가로24나길 35~증가로26길 19,100
532,서대문구,2023.3,응암로 134~증가로28길 59,80
533,서대문구,2023.3,통일로39다길 23-1~109,370
534,서대문구,2023.3,홍제동 473-3 ~ 469-2,60
535,서대문구,2023.3,통일로 536 ~ 홍은동 151-1,140
536,서대문구,2023.7,충정로2가 69-22 ~ 충정로3가 1-50,270
537,서대문구,2023.8.,홍제동37 ~ 통일로 19길 21,145
538,서대문구,2023.12,명지대길53 ~ 명지대3길 43,230
539,서대문구,2023.12,남가좌동 319-28,70
540,서대문구,2023.12,홍연2길 2 ~ 20,100
541,서대문구,2023.12,연세로4길 73 ~ 창천동 4-95 ,94
542,서대문구,2023.12,문화촌길 73 ~ 113-1,377
543,서대문구,2023.12,연희동80-5 ~ 연희로22길 39,185
544,서대문구,2023.12,홍은동 산 1-530 ~ 홍은동 455-2,370
545,서대문구,2023.12,창천동 515-7 ~ 375,85
546,서대문구,2023.12,신촌역로 35 ~ 연세로2라길 56,135
547,서대문구,2023.12,홍제동 44-568 ~ 통일로 19길 21 ,65
548,서대문구,2023.12,통일로37길 11 ~ 통일로35길 59,80
549,서대문구,2023.12,연희로41다길 26-55,130
550,서대문구,2023.12,홍은동 8-44 ~ 8-1119,300
551,서대문구,2023.12,연세로4길 81 ~ 신촌역로 43,52
552,서대문구,2025.05,홍제동 산17-7 ~ 홍제동 40-265,279
553,서대문구,2025.05,북아현동 1014-1 ~ 1013-4,160
554,서대문구,2025.05,연희로18길36 ~ 연희로16길 34-3,69
555,서대문구,2025.05,연희동 1-15 ~ 모래내로20길 39,60
556,서대문구,2025.05,통일로 317 ~ 319,130
557,서대문구,2025.05,홍은동452-3 ~ 통일로48길 21,170
558,서대문구,2025.05,홍제동 334-72 ~ 홍제동 산 41-37,72
559,서대문구,2025.05,홍은동 산11-279 ~ 산11-255,198
560,서대문구,2025.05,홍제동 270-206 ~ 세무서8길 49,110
561,서대문구,2025.05,연희로37길 77-1 ~ 연희로37길 77-21,120
562,서대문구,2025.05,연대동문1길 47 ~ 56,150
563,서대문구,2025.05,연희동 151-25 ~ 가좌로 16-21,73
564,서대문구,2025.05,남가좌동 364-1 ~ 증가로20길 30-14,42
565,서대문구,2025.05,천연동145 ~ 냉천동 71-47,300
566,서대문구,2025.11,신촌로35길 10 ~ 북아현로1길 17,350
567,서대문구,2025.11,연희동 342-8 ~ 339-72,245
568,마포구,2022.12.,"서강로16길, 18길, 20길(노고산동 109-118 외 2개소)",75
569,마포구,2022.12.,마포대로11길(마포대로11길 84),110
570,마포구,2022.12.,독막로(독막로 109-111),110
571,마포구,2022.12.,"효창목4길(효창목4길 3 ~ 23, 효창목길 18 ~ 30)",260
572,마포구,2022.12.,마포대로24길(아현동 605-3~378-53),130
573,마포구,2023.11.,와우산로30길(와우산로30길 3 ~ 36),135
574,마포구,2023.11.,고산길(고산길136~160),130
575,마포구,2023.12.,성암로7길(성암로7길28),40
576,마포구,2023.11.,"신촌로20길, 고산2길(노고산동31-39~12-64)",160
577,마포구,2023.11.,"신촌로26길, 고산2길(대흥동811~노고산동4-72)",145
578,마포구,2023.11.,신수로(신수동97-28~91-15),120
579,마포구,2023.12.,월드컵북로30길(성산동144-6~147-5),85
580,마포구,2023.12.,숭문6길(숭문6길22~백범로25길84),80
581,마포구,2023.12.,신수로(신수로25-30 일대),45
582,마포구,2023.12.,환일길 일대(아현동762~762-9),140
583,마포구,2023.12.,마포대로4가길(마포대로8~마포대로4나길50),149
584,마포구,2023.12.,삼개로(삼개로33),230
585,마포구,2024.01.,마포대로7길(공덕동 342-30 ~ 328-1),100
586,마포구,2024.01.,큰우물로2길(용강동 502-1),175
587,마포구,2024.01.,환일길(만리재로 133 ~ 환일길 64),130
588,마포구,2024.01.,백범로25길(백범로25길 99),60
589,마포구,2025.01.,대흥로24길(염리동 10-132 ~ 10-28),150
590,마포구,2025.01.,새창로8길(도화동 357-2),230
591,마포구,2025.01.,백범로25길(백범로25길 45~63/마포대로11길 114~118),170
592,마포구,2025.01.,월드컵북로43길(월드컵북로43길 11 ~ 32),140
593,마포구,2025.01.,손기정로(손기정로 32 ~ 56),110
594,마포구,2025.01.,토정로11길(토정로11길 19~ 39),100
595,마포구,2025.01.,"독막로28길(독막로 28길 7, 독막로28길 27 ~ 33)",60
596,마포구,2025.11.,대흥로30길(아현동 804-2 ~ 대흥로30길 51),74
597,마포구,2025.11.,효창목2길(효창목4길 4 ~ 효창목2길 17),86
598,마포구,2025.11.,대흥로21길(대흥로21길 12 ~ 28),80
599,마포구,2025.11.,독막로28길(독막로28길 39 ~ 43),30
600,마포구,2026.05.,마포대로4다길(마포대로4다길 18 ~ 마포대로4나길 50),120
601,마포구,2026.05.,"마포대로4나길(마포대로4나길 18 ~ 36, 마포대로4라길 10 ~ 4나길 28)",140
602,마포구,2026.05.,"도화2길(도화4길 82 ~ 도화2길 47-1, 도화4길 108 ~ 도화2길 73)",50
603,마포구,2026.06.,마포대로26길(마포대로 236 ~ 마포대로28길 39),105
604,마포구,2026.06.,새창로(새창로 52),70
605,마포구,2026.06.,손기정로12길(손기정로 56 ~ 손기정로4안길 17,75
606,마포구,2026.06.,월드컵북로15안길(월드컵북로15안길 3 ~ 성미산로5안길 19),310
607,마포구,2026.06.,성산로4길(성산로4길 15 ~ 성산로 128),90
608,양천구,2023.12.,목동중앙로3길 32 ~ 30-19,90
609,양천구,2023.12.,목동중앙본로 17 ~ 목동중앙로5길 41,145
610,양천구,2023.12.,목동중앙로5길 49 ~ 목동중앙본로 27,143
611,양천구,2023.12.,목동중앙서로11길 11 ~ 32,110
612,양천구,2024.10.,목동중앙본로27길 35 ~ 목동중앙북로8길 94,300
613,양천구,2024.10.,지양로 131 ~ 지양로17길 24,200
614,양천구,2024.06.,목동남로4길 10 ~ 6-46,470
615,양천구,2024.06.,목동중앙본로2길 28-41~ 목동중앙본로18길 82,120
616,양천구,2024.06.,신정로13길 20 ~ 51,470
617,양천구,2024.06.,오목로 170 ~ 중앙로48길 47,100
618,양천구,2024.09.,목동중앙북로 132 ~ 목동중앙로13나길 20,200
619,양천구,2024.09.,목동중앙북로18길4 ~ 목동중앙북로98,60
620,양천구,2024.12.,중앙로29길 110 ~ 신정동 1237 ,50
621,양천구,2024.12.,중앙로25길 21 ~ 중앙로25길 28 ~ ,50
622,양천구,2024.12.,오목로38길 5 ~ 은행정로13길 10,70
623,양천구,2024.12.,남부순환로 370 ~ 남부순환로54길 5,80
624,양천구,2024.12.,남부순환로 326 ~ 가로공원로61길 20-1,70
625,양천구,2024.12.,남부순환로 308 ~ 남부순환로30길 3 ,120
626,양천구,2025.08.,신정동 1194-3 ~ 1196-2,40
627,양천구,2025.08.,신정동 1304 ~ 1197-1,70
628,양천구,2025.08.,신정동 1192-1 ~ 1192-18,60
629,양천구,2025.08.,신정동 917-20 ~ 917-1,100
630,양천구,2025.08.,신정동 917-21 ~ 917-3,40
631,양천구,2025.08.,신정동 953-1 ~ 953-12,45
632,양천구,2025.08.,목동 237 ~ 308-14,220
633,양천구,2025.08.,목동 231-184 ~ 231-80,220
634,양천구,2025.12.,목동 315-42 ~ 318-208,160
635,양천구,2025.12.,신정동 970-14 ~ 944-1,80
636,양천구,2025.12.,신정동 928-25 ~ 928-31,90
637,강서구,2022.12.,금낭화로 167(금낭화로),160
638,강서구,2022.12.,공항대로61길 50 ~ 48-22(공항대로 61길),100
639,강서구,2022.12.,곰달래로35길 94 ~ 곰달래로49길 109(등촌로13아길),115
640,강서구,2022.12.,우현로 26 ~ 34(우현로),100
641,강서구,2023.11.,강서로18아길 34 ~ 강서로18길 129-19(곰달래로35길),120
642,강서구,2023.11.,화곡로58길 86 ~ 등촌로51길 131(화곡로58길),300
643,강서구,2023.12,강서로18아길 33 ~ 103(강서로18아길),180
644,강서구,2023.11.,초록마을로 110 ~ 128(초록마을로),200
645,강서구,2023.11.,곰달래로35길 173 ~ 강서로18아길 33(곰달래로35길),155
646,강서구,2023.12.,강서로12길 39 ~ 75(강서로12길),200
647,강서구,2024.10.,초록마을로 71 ~ 84(초록마을로),120
648,강서구,2024.01.,초록마을로34길 55 ~ 24(초록마을로 34길),150
649,강서구,2024.10.,까치산로4길 72 ~ 89(까치산로4길),110
650,강서구,2025.07.,까치산로2길 55 ~ 75-1(까치산로2길),120
651,강서구,2025.06.,까치산로4다길 13 ~ 까치나로4길 98-14(까치산로4다길),140
652,강서구,2026.02.,공항대로55길 10-3(공항대로55길),22
653,강서구,2026.09.,화곡로68길 120(양천로62길),40
654,강서구,2026.09.,강서로16길 41 ~ 강서로18길 52-19(강서로16길),65
655,강서구,2026.09.,초록마을로 83-2 ~ 95-1(초록마을로),115
656,강서구,2026.09.,강서로15길 38 ~ 강서로 59(강서로15길),220
657,강서구,2026.09.,곰달래로31라길 6 ~ 곰달래로35길 61(곰달래로31라길),210
658,강서구,2026.09.,곰달래로35길 116 ~ 등촌로13자길 80(등촌로13자길),100
659,강서구,2026.09.,까치산로18다길 21 ~ 까치산로22길 38(까치산로18다길),160
660,강서구,2026.09.,초록마을로 148 ~ 130(초록마을로),190
661,강서구,2026.09.,곰달래로27길 74 ~ 곰달래로31마길 32-4(곰달래로31마길),230
662,강서구,2026.09.,까치산로4길 67 ~ 67-13(까치산로4길),70
663,구로구,2021.11.,고척동 241 북측~고척동 233-5 ~ 고척동 241-3,410
664,구로구,2022.12.,개봉동 336-9~개봉동 339-10,160
665,구로구,2023.12.,고척동 160-2 ~ 296,260
666,구로구,2023.12.,디지털로21길 27 ~ 디지털로19길 42,100
667,구로구,2023.12.,고척로51길 39 ~ 고척로45길 46-1,125
668,구로구,2024.03.,온수동 7-5 ~온수동 9-6,250
669,구로구,2024.03.,구로동 1282 ~ 구로동 550-4,180
670,구로구,2024.03.,천왕동 14-113 ~ 14-136,240
671,구로구,2024.12.,경인로6길 오류동 동부그린아파,220
672,구로구,2024.12.,고척동 98-78 ~ 고척동 98-25,140
673,구로구,2024.12.,남구로역 주변 구로동로18길 외 3,605
674,구로구,2025.12.,고척로52길 116 ~ 128,85
675,구로구,2025.12.,구로중앙로28가길 11 ~ 27,90
676,구로구,2025.12.,구로동로17길 44 ~ 59,100
677,구로구,2026. 11.,구로동로7나길 5주변,90
678,구로구,2026. 11.,디지털로21길 34주변,100
679,구로구,2026. 11.,오류동 31-1 주변,230
680,구로구,2026. 11.,구로동로20길 32주변,300
681,구로구,2026. 11.,우마1길 47 주변,120
682,구로구,2026. 11.,벚꽃로 490 주변,115
683,구로구,2026. 11.,구로중앙로27가길 6 주변,150
684,구로구,2026. 11.,구로동로40길 2주변,30
685,구로구,2026. 11.,구로동로 180주변,30
686,구로구,2026. 11.,구로동로2길 33주변,100
687,구로구,2026. 11.,디지털로21길 28 주변,110
688,구로구,2026. 11.,구로중앙로14길 63주변,25
689,구로구,2026. 11.,고척로33길 60 주변,120
690,금천구,2021.12.,시흥동 267-1 ~ 1013,1300
691,금천구,2022.12,시흥동 268-3,65
692,금천구,2022.12,시흥동 1010-11,320
693,금천구,2022.12.,시흥동 산 138-6,280
694,금천구,2022.12.,독산동 917-7,250
695,금천구,2022.12.,독산동 182-2~181-133,85
696,금천구,2022.12.,독산동 182-2~181-133,95
697,금천구,2023.6.,독산동 887-9~234-84,360
698,금천구,2023.8.,시흥5동 937-25~936-10,380
699,금천구,2024.2.,독산동 1006-69~65,90
700,금천구,2024.2.,독산동 1006-170~204,70
701,금천구,2024.2.,독산동 1006-96~108,100
702,금천구,2024.2.,독산동 970-50~970,50
703,금천구,2024.2.,시흥동 807~806,210
704,금천구,2024.4.,시흥동 703-1(벽산2단지),620
705,금천구,2024.8.,독산동 160-5 ~ 161-2,50
706,금천구,2024.8.,독산동 165-11 ~ 164-1,70
707,금천구,2025.7.,시흥동 870-31~882-43,120
708,금천구,2025.7.,시흥동 1-90~1-14,86
709,금천구,2025.7.,시흥동 1-2~1-38,160
710,금천구,2025.7.,시흥동 산83-36,130
711,금천구,2025.6.,독산2동 381-21~378-502,180
712,금천구,2025.6.,독산2동 378-233~378-338,175
713,금천구,2025.6.,독산2동 378-436~378-472,75
714,금천구,2025.6.,독산2동 378-431~378-459,90
715,금천구,2025.11.,독산동 981-3~982-1,70
716,금천구,2025.11.,독산동 994-73~994-35,100
717,금천구,2025.11.,시흥동 873~873-21,100
718,금천구,2025.12.,시흥동 3-68,200
719,금천구,2025.12.,독산동 1006-18,50
720,금천구,2026.3,독산동 981 ~ 981-23,110
721,금천구,2026.3,시흥동 990-57 ~ 990-22,102
722,금천구,2026.3,시흥동 1013-3 ~ 267-9,520
723,관악구,2022.01.,쑥고개로3 ~ 쑥고개로21,250
724,관악구,2022.01.,대학길127 ~ 대학길 163,690
725,관악구,2022.01.,인헌6길23 ~ 낙성대역16길23,70
726,관악구,2022.01.,국회단지길36 ~ 국회단지길 130,280
727,관악구,2022.01.,난곡로26마길 3 ~ 신림동 배수지,170
728,관악구,2023.01.,복은길 128~76,210
729,관악구,2023.01.,서림길 50~복은길 39,75
730,관악구,2023.01.,신림로 253-1~서원10길 2,190
731,관악구,2023.01.,인헌길 123~인헌16길 15,320
732,관악구,2023.01.,봉천로297~봉천로21가길,105
733,관악구,2023.01.,난향5길 35~43,60
734,관악구,2023.01.,관악로268~청림길8-1,90
735,관악구,2023.01.,국회단지2길 29-5 ~ 국회단지6길 10,390
736,관악구,2024.01.,양녕로1길 48 ~ 봉천로 387,210
737,관악구,2024.01.,솔밭로24 ~ 솔밭로7길 16,150
738,관악구,2024.01.,승방길 6 ~ 승방길 42,220
739,관악구,2024.01.,신림동 배수지 ~ 광신길 177,250
740,관악구,2024.01.,법원단지21길 2 ~ 법원단지길 157,250
741,관악구,2024.01.,문성로 246 ~ 문성로38길 67,350
742,관악구,2024.01.,대학18길 6 ~ 대학 16길 22,385
743,관악구,2024.02.,신림로48길 24 ~ 신림로48길 56,175
744,관악구,2024.04.,남부순환로 1678 ~ 남부순환로200가길 22,75
745,관악구,2024.04.,양녕로 29 ~ 양녕로5길 31,130
746,관악구,2024.04.,낙성대역8길 2 ~ 낙성대로3길 23-9,180
747,관악구,2024.02.,관악로 248 ~ 관악로30길 40,440
748,관악구,2024.02.,남현6길 6 ~ 남부순환로 256길 66,285
749,관악구,2024.02.,인헌16길 47 ~ 인헌16길 35,70
750,관악구,2024.02.,관악로28길 22 ~ 행운9길 21,355
751,관악구,2024.10.,관악로 97 ~ 관악11길 11,480
752,관악구,2024.10.,봉천동 1712-11,80
753,관악구,2024.09.,쑥고개로 112 ~ 청룡15길 35,285
754,관악구,2024.09.,대학14길 52 ~ 대학14길 90,235
755,관악구,2024.08.,남현8길 3 ~ 남현길 141,330
756,관악구,2024.12.,쑥고개로16길 53 ~ 청룡길 78,220
757,관악구,2025.11.,구암길 46 ~ 구암5가길 49,362
758,관악구,2025.11.,구암길 38 ~ 은천로25길 51,72.5
759,관악구,2025.11.,난곡로16길 3 ~ 난곡로16길 32,120
760,관악구,2025.11.,국회단지길 46 ~ 국회단지길 70,90
761,관악구,2025.11.,난곡로 30  ~ 난곡로 67,410
762,관악구,2025.12.,난향길 92 ~ 난향길 60,180
763,관악구,2025.12.,태흥길 10 ~ 호암로 545,60
764,관악구,2025.12.,미성7길 42 ~ 미성5길 14,100
765,관악구,2025.12.,원신길 135 ~ 호암로 549,60
766,관악구,2025.12.,난향길 10 ~ 난향3길 40,260
767,관악구,2026.01.,난곡로35길 68 ~ 난곡로35길 102,200
768,관악구,2026.01.,은천로33길 22 ~ 은천로 149,160
769,서초구,2019.10.,"남부순환로(양재동11-13 앞, 보도)",25
"770,771",서초구,2020.11.,서운로 서초문화예술학교 후문(서초동 1344-14),9
772,서초구,2021.10.,서초대로65길(서초동 1680-5 ~ 서초동 1685),420
773,서초구,2021.10.,서초대로53길(서초동 1698-2),62
774,서초구,2021.10.,사평대로53길(반포동 719-1 ~ 반포동 726-23),100
775,서초구,2021.10.,사평대로55길(반포동 720 ~ 반포동 725-5),210
776,서초구,2021.10.,효령로33길(방배동 906-16 ~ 방배동 167-4),137
777,서초구,2021.10.,명달로1길 51 방배어울림 아파트 주변(방배동 998),85
778,서초구,2022.10.,명달로1길(방배동 1006-1 ~ 999),240
779,서초구,2022.10.,효령로20길(방배동 980-59 ~ 979-44),400
780,서초구,2022.10.,원터길(원지동 380-2 ~ 377-3),157
781,서초구,2022.11.,서초대로64길(서초동 1641-3 ~ 1647-13),280
782,서초구,2023.10.,명달로(방배동 1002-5 ~ 방배동 1007-4),445
783,서초구,2023.10.,고무래로(서초동 1684),380
784,서초구,2023.10.,서초대로64길(2구간)(서초동 1635-6 ~ 서초동 1636-1),190
785,서초구,2023.10.,방배로18길(방배동 167-4 ~ 방배동 905-1),240
786,서초구,2023.10.,사임당로17길(서초동 1642-33),100
787,서초구,2023.10.,도구로(방배동 980-56 ~ 방배동 971-8),420
788,서초구,2023.10.,방배로20길(방배동 902-1 ~ 방배동 3279),290
789,서초구,2024.10.,서래로(반포동 97-8 ~ 98-5),220
790,서초구,2024.10.,원명초교 앞(서초동 1685-1),180
791,서초구,2024.10.,신반포로47길(잠원동 39-10 ~ 잠원동 38-16),70
792,서초구,2025.9.,동광로(방배동 1-138 ~ 방배동 797-9),235
793,서초구,2025.9.,서초대로51길31(서초동 1699-2 ~ 서초동 1699-7),100
794,서초구,2025.9.,서초대로51길 9(서초동 1694-14),42.5
795,서초구,2025.9.,효령로46길(서초동 1466-18 ~ 서초동 1466-7),60
796,서초구,2025.9.,명달로4길(서초동 1471-19 ~ 서초동 1467-65),120
797,서초구,2025.9.,강남대로99길(잠원동 23-1 ~ 잠원동 23-4),60
798,서초구,2025.9.,원터2길(원지동 377-1 ~ 원지동 419-15),130
799,서초구,2025.9.,남부순환로339길(서초동 1436-9 ~ 서초동 1422-3),110
800,서초구,2025.11.,사임당로18길(서초동 1629-1 ~ 서초동 1629-37),110
801,강남구,2021. 11.,강남대로 590 ~ 강남대로 146길 9,70
802,강남구,2021. 11.,논현로145길 62 ~ 논현로145길 46,180
803,강남구,2021. 11.,남부순환로355길 29 ~ 남부순환로355길 33,55
804,강남구,2021. 11.,도곡로2길 25 ~ 도곡로2길 33,80
805,강남구,2021. 11.,봉은사로 131 ~ 강남대로 118길 66,100
806,강남구,2021. 11.,"봉은사로 120, 봉은사로 130 ",150
807,강남구,2021. 11.,압구정로 71길 20 ~ 선릉로 190길 64,130
808,강남구,2021. 11.,영동대로118길 75 ~ 봉은사로 109길 66,75
809,강남구,2022. 11.,봉은사로 129 ~ 봉은사로 7길 13,100
810,강남구,2022. 11.,언주로 136길 7 ~ 13,60
811,강남구,2022. 11.,선릉로 126길 22 ~ 선릉로 120길 34,105
812,강남구,2022. 11.,학동로 431,50
813,강남구,2022. 11.,강남대로 438 ~ 봉은사로 18길 76,130
814,강남구,2022. 11.,도곡로 83길 8 ~ 삼성로 64길 32,30
815,강남구,2022. 11.,언주로 116길 26 ~ 봉은사로 43길 39,155
816,강남구,2022. 11.,봉은사로 57길 59 ~ 선릉로 120길 24,100
817,강남구,2022. 11.,학동로 317 ~ 학동로 45길 7,60
818,강남구,2022. 11.,도산대로 96길 39 ~ 도산대로 92길 26,200
819,강남구,2022. 11.,영동대로 65길 16 ~ 도곡로 93길 12,100
820,강남구,2022. 11.,광평로 238 ~ 광평로42길 20,130
821,강남구,2022. 11.,테헤란로 44길 7 ~ 선릉로 85길 27,100
822,강남구,2022. 11.,영동대로128길 56 ~ 영동대로122길 45,90
823,강남구,2022. 11.,학동로 320 ~ 언주로130길 35,60
824,강남구,2022. 11.,도곡로 216,50
825,강남구,2022. 11.,강남대로 106길 29 ~ 봉은사로 16길 23,260
826,강남구,2022. 11.,테헤란로 5길 49 ~ 강남대로 98길 27,130
827,강남구,2022. 11.,논현로 641 ~ 논현로 123길 19,170
828,강남구,2023. 11.,봉은사로 146 ~ 봉은사로 18길 4,55
829,강남구,2023. 11.,테헤란로 131,45
830,강남구,2023. 11.,영동근린공원 앞(역삼동 755-7),30
831,강남구,2023. 11.,언주로 85길 24 ~ 테헤란로 38길 12,50
832,강남구,2023. 11.,도산대로 66길 43 ~ 삼성로 147길 36,285
833,강남구,2023. 11.,도산대로 122 ~ 강남대로 146길 28,205
834,강남구,2023. 11.,강남대로 584 ~ 학동로 3길 39,120
835,강남구,2023. 11.,영동대로 141길 14 ~ 영동대로 735,120
836,강남구,2023. 11.,삼성로 612 ~ 삼성로 112길 19,150
837,강남구,2023. 11.,영동대로 118길 43 ~ 영동대로 128길 32-11,145
838,강남구,2023. 11.,논현로 117길 8 ~ 논현로 119길 5,90
839,강남구,2023. 11.,논현로 713 ~ 도산대로 26길 55,60
840,강남구,2023. 11.,논현로 653 ~ 논현로 123길 8,60
841,강남구,2023. 11.,언주로 634 ~ 학동로 42길 34,70
842,강남구,2023. 11.,학동로 30길 18 ~ 학동로 30길 33,130
843,강남구,2023. 11.,삼성로 742 ~ 740,100
844,강남구,2023. 11.,도산대로 70길 43 ~ 도산대로 70길 25,60
845,강남구,2023. 11.,압구정로 75길 40 ~ 선릉로 190길 84,55
846,강남구,2023. 11.,선릉로 130길 33,35
847,강남구,2023. 11.,테헤란로 416,40
848,강남구,2023. 11.,강남대로 110길 57 ~ 봉은사로 18길 31,100
849,강남구,2023. 11.,봉은사로 134 ~ 봉은사로 16길 16,80
850,강남구,2023. 11.,논현로 97길 14 ~ 논현로 529,100
851,강남구,2023. 11.,논현로 99길 29 ~ 논현로 97길 29,60
852,강남구,2023. 11.,남부순환로 351길 8 ~ 강남대로 42길 11,30
853,강남구,2023. 11.,도곡로 93길 23(르엘아파트 101동 앞),65
854,강남구,2023. 11.,도곡로 404(한티역 4번 출구 주변),30
855,강남구,2024. 11.,학동로 18길 67 ~ 학동로 18길 69,50
856,강남구,2024. 11.,학동로 47길 20 ~ 선릉로 133길 16,100
857,강남구,2024. 11.,도산대로 70길 23 ~ 도산대로 72길 36,40
858,강남구,2024. 11.,선릉로 108길 65 ~ 봉은사로 68길 8,70
859,강남구,2024. 11.,헌릉로 622길 10 ~ 헌릉로 618길 7,30
860,강남구,2024. 11.,도산대로 163 ~ 도산대로 23길 8,70
861,강남구,2024. 11.,자곡로 100 ~ 자곡로 101,90
862,강남구,2024. 11.,논현동 196 옆 계단,40
863,강남구,2024. 11.,논현동 206 ~ 193-18,140
864,강남구,2024. 11.,말죽거리 보도육교,140
865,강남구,2024. 11.,양재천 보도육교,105
866,강남구,2024. 11.,일원 보도육교,110
867,강남구,2025. 11.,논현동 173-7 ~ 논현동 156-6,170
868,강남구,2025. 11.,논현동 175-4 ~ 논현동 175-6,70
869,강남구,2025. 11.,청담동 14,100
870,강남구,2025. 11.,역삼동 624-30 ~ 역삼동 632-14,150
871,강남구,2025. 11.,논현동 5-6 ~ 논현동 5-19,90
872,강남구,2025. 11.,논현동 156 ~ 논현동 155-14,150
873,강남구,2025. 11.,자곡동 642(자곡초),120
874,강남구,2025. 11.,자곡동 689(율현초),80
875,강남구,2025. 11.,역삼동 836-26 ~ 역삼동 836-7,65
876,강남구,2025. 11.,대치동 981 ~ 대치동 979,230
877,강남구,2025. 11.,청담동 13-17 ~ 청담동 13-39,60
878,송파구,2022.12.,거마로 11~거마로 27,160
879,송파구,2022.12.,동남로20길 27~동남로20길 50,210
880,송파구,2023.03.,거마로8길 23,70
881,송파구,2023.11.,거마로 31~거마로 47,157
882,송파구,2023.12.,동남로 207~중대로20길 47,180
883,송파구,2024.03.,가락동 513-1,300
884,송파구,2024.05.,거여동 174-5~133-38,309
885,송파구,2024.06,잠실동 141~142,200
886,송파구,2024.11.,가락동 135-13~141-5,185
887,송파구,2025.11.,거여동 42-3~697,297
888,송파구,2025.11.,송파동 130-7~128-14,143
889,송파구,2025.11.,마천동 158-2~342-3,220
890,강동구,2022. 11.,성안로 195 ~ 천호동 144-36(천동초 주변),130
891,강동구,2022. 11.,천중로 111 ~ 천호동 217-19(천일초 주변),100
892,강동구,2022. 11.,상일동 167 ~ 상일동 산 43-2(한영중 주변),150
893,강동구,2022. 11.,상일동 산 36-1 ~ 상일동 산 51(강동고 주변),170
894,강동구,2023. 11.,"명일역 주변 (명리단길 봄, 여름, 가을) ",345
895,강동구,2023. 11.,둔촌동 46-7~둔촌동622 ,200
896,강동구,2023. 11.,천호동 195-21~천호동 196-1 ,60
897,강동구,2023. 11.,천호동 121-83~천호동 121-82 ,20
898,강동구,2023. 11.,성내동 218-17~성내동 212-2 ,120
899,강동구,2023. 11.,암사동 458-1~암사동 458-12(신암중 맞은편),85
900,강동구,2023. 11.,길동 38-9(신명초교 정문 앞),90
901,강동구,2023. 11.,암사동 457-1~암사동 473,250
902,강동구,2023. 11.,길동 99-3~길동 157-10 ,100
903,강동구,2024. 11.,길동 38-9 학교측 보도,70
904,강동구,2024. 11.,천호동 26-40 ~　천호동 26-12,124
905,강동구,2024. 11.,고덕동 294-1　~　고덕동　294-5,128
906,강동구,2025. 11.,천호대로168길 18 교차로,160
907,강동구,2025. 11.,천호동 21-188 일대,100
908,강동구,2025. 11.,천호대로163길,190
909,강동구,2025. 11.,명일동 322-8~명일동312-201,85
910,강동구,2025. 11.,"양재대로147길(명리단길, 겨울)",120
911,영등포구,2024.02.,영신로9길(영신로 17~ 영신로9길 23-1),580
912,영등포구,2024.02.,도영로 80,160
913,영등포구,2024.02.,대림로 136 ~ 디지털로69길 13,260
914,영등포구,2025.01.,도영로 22길 31,240
915,영등포구,2025.01.,영신로9나길,90
916,영등포구,2025.01.,신길로42길 1,174
917,영등포구,2025.01.,가마산로79길 49,126
918,영등포구,2025.01.,여의대방로45길 12,100
919,영등포구,2025.11.,여의대방로43나길 4 ~ 12-1,226
920,영등포구,2025.11.,영등포로84길 24-5 ~ 신길종합사회복지관,60
921,영등포구,2025.11.,가마산로77길 6~신길로42길 44-10,83
922,영등포구,2025.11.,신길로45길 1 ~ 7-2,65
923,영등포구,2025.11.,도신로29사길 1 ~ 영신로9길 29,225
924,동작구,2021.11.,성대로11가길21 ~성대로117,122
925,동작구,2021.11.,국사봉1길203 ~성대로6가길152,100
926,동작구,2021.11.,국사봉1길235-11 ~국사봉1길235-14,50
927,동작구,2021.08.,사당로90,50
928,동작구,2022.04.,신상도지하차도 상부도로(상하행 양방향),405
929,동작구,2022.12.,만양로41 ~ 26,150
930,동작구,2022.12.,롯데캐슬골든포레아파트113동~상현중후문,380
931,동작구,2022.12.,남부순환로269길44~79,210
932,동작구,2022.12.,사당로193 ~양지공원,100
933,동작구,2022.12.,국사봉2라길3~국사봉2마길5,70
934,동작구,2022.12.,만양로8길60~만양로12길53,209
935,동작구,2022.12.,등용로37래미안아파트108동~107동,130
936,동작구,2022.12.,갑을명가2차아파트201동~상도3동 마을공원,100
937,동작구,2022.12.,성대로12길30~성대로12길57,170
938,동작구,2022.12.,성대로29길79~성대로21길62,85
939,동작구,2022.12.,흑석로9길35~노량진로26길65,320
940,동작구,2022.12.,동작대로35길74~동작대로35아길7,70
941,동작구,2022.12.,사당로14길58~사당로16마길44,75
942,동작구,2022.12.,사당로2가길23~사당로2가길103,228
943,동작구,2022.12.,신대방16가길22~신대방16가길35,80
944,동작구,2023.5.,성대로96 ~성대로16길21,195
945,동작구,2023.5.,양녕로28길35 ~양녕로22바길74,165
946,동작구,2023.5.,대방동2길44 ~대방로6길7,180
947,동작구,2023.5.,사당로22나길34 ~사당로22나길70,150
948,동작구,2023.5.,사당로2라길63 ~사당로2길40,200
949,동작구,2023.10.,노량진로32길15 ~ 55,230
950,동작구,2023.10.,만양로79 ~만양로13길38,320
951,동작구,2023.10.,상도로38길8 ~ 24,85
952,동작구,2023.10.,상도로15길55 ~등용로37,190
953,동작구,2023.10.,남부순환로259길11∼남부순환로255나길12,115
954,동작구,2023.10.,사당로8길45 ~ 69,115
955,동작구,2023.10.,흑석로13마길1 ~흑석로13길36,175
956,동작구,2023.10.,사당로56 ~사당로2길2-19,100
957,동작구,2023.10.,사당로14길22 ~ 32,120
958,동작구,2023.10.,흑석로5길1-2 ~ 12,45
959,동작구,2023.11.,상도로47바길35 ~상도로47사길4,70
960,동작구,2023.11.,국사봉1라길4 ~성대로6가길144,72
961,동작구,2023.11.,성대로6가길141 ~성대로6사길27-2,84
962,동작구,2023.11.,사당로20라길34 ~남부순환로269길125,56
963,동작구,2023.11.,사당로14길48 ~사당로16라길11,68
964,동작구,2023.11.,사당로165 ~ 169,70
965,동작구,2023.11.,사당로29다길83 ~사당로29길85,40
966,동작구,2023.11.,사당로23나길30 ~사당로29길90,35
967,동작구,2023.11.,사당로13길58 ~ 97,130
968,동작구,2023.11.,흑석로12 ~ 27,140
969,동작구,2023.11.,신대방16가길22 ~신대방14길23,88
970,동작구,2024.01.,상도로50길34 ~상도동415-1,240
971,동작구,2024.09.,만양로11길2 ~ 22,120
972,동작구,2025.06.,노량진로14길43 ~ 55,70
973,동작구,2024.09.,국사봉8길18 ~국사봉2바길3,72
974,동작구,2024.09.,양녕로28길25 ~양녕로30길19-4,130
975,동작구,2024.09.,성대로21나길2 ~성대로21길59,40
976,동작구,2024.12.,동작대로29길118~172,190
977,동작구,2024.11.,사당로10길68~102,240
978,동작구,2024.12.,상도로11길9~상도로77,110
979,동작구,2024.12.,동작대로29길115~118,280
980,동작구,2024.12.,상도로60길31~상도로62길5,324
981,동작구,2025.06.,강남초등길 10~22(강남초등학교 앞),130
982,동작구,2025.05.,상도로68길 20~36(대림초등학교 앞),165
983,동작구,2025.06.,"상도로15바길 24~28(주택가 일대, ‘25년 주민참여예산)",70
984,동작구,2025.05.,양녕로25마길 28~45(상도어울마당),90
985,동작구,2025.05.,서달로83 ~ 115,190
986,동작구,2025.12,남부순환로257가길 49 ~남부순환로269길 74,160
987,동작구,2025.12,흑석로13마길1 ~흑석로13길3,150
988,동작구,2025.12,양녕로26나길23 ~ 63,210
989,동작구,2025.12,여의대방로22아길2 ~ 30,160
990,동작구,2025.12,노량진로26길22 ~ 61,150
991,동작구,2025.12,동작대로35사길 3-2 ~ 동작대로39길 38,200
992,동작구,2025.12,대방동6길43 ~상도로13라길15,70
993,동작구,2025.12,장승배기로10가길60 ~ 64-4,50
994,동작구,2025.12,사당로9가길37일대,60
